x,y,theta,speed,steer
-12,-2,-2.35619,-0.510001,-1.2617
-11.9892,-1.98918,-2.3068,-0.300001,-1.26404
-11.9831,-1.98251,-2.27751,-0.300001,-1.26581
-11.9773,-1.97567,-2.24803,-0.300001,-1.26758
-11.9717,-1.96865,-2.21838,-0.300001,-1.26934
-11.9662,-1.96147,-2.18854,-0.300001,-1.27109
-11.961,-1.95414,-2.15851,-0.300001,-1.27284
-11.956,-1.94665,-2.1283,-0.300001,-1.27458
-11.9513,-1.93901,-2.0979,-0.300001,-1.27632
-11.9467,-1.93123,-2.0673,-0.300001,-1.27806
-11.9424,-1.92332,-2.03652,-0.300001,-1.27979
-11.9384,-1.91528,-2.00554,-0.300001,-1.28152
-11.9346,-1.90711,-1.97436,-0.300001,-1.28326
-11.9311,-1.89884,-1.94299,-0.300001,-1.28499
-11.9278,-1.89045,-1.91142,-0.300001,-1.28673
-11.9248,-1.88197,-1.87964,-0.300001,-1.28847
-11.9221,-1.8734,-1.84765,-0.300001,-1.29022
-11.9196,-1.86474,-1.81545,-0.300001,-1.29198
-11.9174,-1.85601,-1.78304,-0.300001,-1.29374
-11.9155,-1.84721,-1.75041,-0.300001,-1.29552
-11.9139,-1.83835,-1.71756,-0.300001,-1.28785
-11.9126,-1.82945,-1.68565,-0.300001,-1.26224
-11.9116,-1.82051,-1.65654,-0.300001,-1.22101
-11.9108,-1.81154,-1.63111,-0.300001,-1.16676
-11.9103,-1.80256,-1.6094,-0.300001,-1.10198
-11.9099,-1.79357,-1.59109,-0.300001,-1.02886
-11.9097,-1.78457,-1.57567,-0.300001,-0.949236
-11.9097,-1.77557,-1.56272,-0.300001,-0.86464
-11.9098,-1.76657,-1.55184,-0.300001,-0.595898
-11.9099,-1.75757,-1.54555,-0.300001,-0.516751
-11.9102,-1.74857,-1.54028,-0.300001,-0.436192
-11.9104,-1.73958,-1.53595,-0.300001,-0.354746
-11.9107,-1.73058,-1.53252,-0.300001,-0.272881
-11.9111,-1.72159,-1.52992,-0.300001,-0.191013
-11.9115,-1.7126,-1.52812,-0.300001,-0.109518
-11.9118,-1.7036,-1.5271,-0.300001,-0.0287337
-11.9122,-1.69461,-1.52684,-0.300001,0.051029
-11.9126,-1.68562,-1.52731,-0.300001,0.129486
-11.913,-1.67663,-1.52852,-0.300001,0.206372
-11.9134,-1.66764,-1.53046,-0.300001,0.281438
-11.9138,-1.65865,-1.53314,-0.300001,0.354447
-11.9141,-1.64965,-1.53658,-0.300001,0.425172
-11.9144,-1.64066,-1.54078,-0.300001,0.49339
-11.9147,-1.63166,-1.54577,-0.300001,0.558883
-11.9149,-1.62266,-1.55157,-0.300001,0.621434
-11.9151,-1.61367,-1.55822,-0.300001,0.680825
-11.9152,-1.60467,-1.56573,-0.300001,0.736837
-11.9152,-1.59567,-1.57415,-0.300001,0.789249
-11.9152,-1.58667,-1.5835,-0.300001,0.837839
-11.9151,-1.57767,-1.59381,-0.300001,0.882386
-11.9149,-1.56867,-1.60508,-0.300001,0.922675
-11.9146,-1.55967,-1.61734,-0.300001,0.958499
-11.9142,-1.55068,-1.63055,-0.300001,0.989671
-11.9136,-1.5417,-1.64467,-0.300001,1.01603
-11.913,-1.53272,-1.65965,-0.300001,1.03747
-11.9122,-1.52376,-1.67536,-0.300001,1.05391
-11.9112,-1.51481,-1.69169,-0.300001,1.06536
-11.9101,-1.50588,-1.70845,-0.300001,1.07189
-11.9089,-1.49696,-1.72548,-0.300001,1.07366
-11.9075,-1.48807,-1.74258,-0.300001,1.07089
-11.906,-1.4792,-1.75957,-0.300001,1.06389
-11.9043,-1.47036,-1.77628,-0.300001,1.05302
-11.9024,-1.46155,-1.79257,-0.300001,1.03868
-11.9005,-1.45277,-1.80833,-0.300001,1.0213
-11.8984,-1.44402,-1.82348,-0.300001,1.00133
-11.8961,-1.43531,-1.83797,-0.300001,0.979206
-11.8937,-1.42663,-1.85178,-0.300001,0.95536
-11.8912,-1.41798,-1.8649,-0.300001,0.930196
-11.8886,-1.40937,-1.87735,-0.300001,0.904092
-11.8859,-1.40079,-1.88914,-0.300001,0.877394
-11.8831,-1.39224,-1.9003,-0.300001,0.850418
-11.8802,-1.38372,-1.91087,-0.300001,0.823445
-11.8772,-1.37524,-1.92089,-0.300001,0.796725
-11.8741,-1.36678,-1.93038,-0.300001,0.770476
-11.8709,-1.35836,-1.93938,-0.300001,0.74489
-11.8677,-1.34996,-1.94794,-0.300001,0.720129
-11.8644,-1.3416,-1.95608,-0.300001,0.696332
-11.861,-1.33326,-1.96384,-0.300001,0.673614
-11.8575,-1.32494,-1.97124,-0.300001,0.652071
-11.854,-1.31665,-1.97833,-0.300001,0.631778
-11.8505,-1.30839,-1.98512,-0.300001,0.612794
-11.8468,-1.30015,-1.99164,-0.300001,0.595161
-11.8432,-1.29194,-1.99792,-0.300001,0.578908
-11.8394,-1.28375,-2.00399,-0.300001,0.564051
-11.8357,-1.27558,-2.00986,-0.300001,0.550595
-11.8318,-1.26743,-2.01555,-0.300001,0.538534
-11.828,-1.25931,-2.02109,-0.300001,0.527853
-11.824,-1.2512,-2.0265,-0.300001,0.518528
-11.8201,-1.24312,-2.0318,-0.300001,0.510529
-11.8161,-1.23506,-2.03699,-0.300001,0.503818
-11.812,-1.22702,-2.04211,-0.300001,0.498353
-11.8079,-1.219,-2.04716,-0.300001,0.494085
-11.8038,-1.21101,-2.05216,-0.300001,0.490962
-11.7996,-1.20303,-2.05712,-0.300001,0.488927
-11.7954,-1.19507,-2.06205,-0.300001,0.487922
-11.7912,-1.18714,-2.06698,-0.300001,0.487883
-11.7869,-1.17922,-2.0719,-0.300001,0.488747
-11.7826,-1.17133,-2.07684,-0.300001,0.490448
-11.7782,-1.16346,-2.08179,-0.300001,0.492917
-11.7738,-1.15561,-2.08677,-0.300001,0.496088
-11.7694,-1.14778,-2.0918,-0.300001,0.49989
-11.7649,-1.13997,-2.09686,-0.300001,0.504256
-11.7604,-1.13219,-2.10198,-0.300001,0.509117
-11.7558,-1.12443,-2.10716,-0.300001,0.514404
-11.7512,-1.11669,-2.11241,-0.300001,0.520052
-11.7466,-1.10898,-2.11772,-0.300001,0.525993
-11.7419,-1.10129,-2.12311,-0.300001,0.532164
-11.7372,-1.09363,-2.12857,-0.300001,0.538502
-11.7324,-1.086,-2.13411,-0.300001,0.544945
-11.7276,-1.07839,-2.13974,-0.300001,0.551436
-11.7228,-1.0708,-2.14544,-0.300001,0.557918
-11.7179,-1.06325,-2.15123,-0.300001,0.564338
-11.7129,-1.05572,-2.15711,-0.300001,0.570645
-11.708,-1.04823,-2.16306,-0.300001,0.576792
-11.7029,-1.04076,-2.1691,-0.300001,0.582734
-11.6979,-1.03332,-2.17521,-0.300001,0.588429
-11.6927,-1.02592,-2.18141,-0.300437,0.59384
-11.6876,-1.01853,-2.18768,-0.302256,0.598933
-11.6823,-1.01114,-2.19406,-0.304092,0.60368
-11.677,-1.00373,-2.20054,-0.305944,0.608051
-11.6716,-0.996311,-2.20713,-0.307812,0.612022
-11.6661,-0.988884,-2.21381,-0.309696,0.61557
-11.6605,-0.981448,-2.22059,-0.311596,0.618675
-11.6549,-0.974005,-2.22745,-0.313511,0.621324
-11.6492,-0.966556,-2.23439,-0.315442,0.623503
-11.6433,-0.959101,-2.24141,-0.317387,0.625202
-11.6374,-0.951641,-2.24849,-0.319348,0.626418
-11.6314,-0.944178,-2.25564,-0.321323,0.627147
-11.6253,-0.936712,-2.26284,-0.323313,0.62739
-11.6191,-0.929244,-2.27009,-0.325317,0.627152
-11.6128,-0.921775,-2.27738,-0.327334,0.62644
-11.6065,-0.914306,-2.28471,-0.329365,0.625263
-11.6,-0.906838,-2.29206,-0.331408,0.623635
-11.5934,-0.899372,-2.29944,-0.333465,0.621571
-11.5868,-0.891908,-2.30682,-0.335534,0.619088
-11.58,-0.884447,-2.31422,-0.337615,0.616207
-11.5731,-0.876991,-2.32161,-0.339708,0.612949
-11.5662,-0.86954,-2.329,-0.341813,0.609337
-11.5591,-0.862095,-2.33638,-0.343929,0.605397
-11.552,-0.854656,-2.34374,-0.346056,0.601154
-11.5447,-0.847224,-2.35108,-0.348194,0.596636
-11.5374,-0.8398,-2.3584,-0.350342,0.591869
-11.5299,-0.832385,-2.36568,-0.3525,0.586882
-11.5224,-0.824978,-2.37293,-0.354668,0.581702
-11.5147,-0.817582,-2.38014,-0.356845,0.576357
-11.507,-0.810195,-2.38732,-0.359033,0.570876
-11.4991,-0.80282,-2.39445,-0.361229,0.565285
-11.4912,-0.795455,-2.40154,-0.363435,0.559611
-11.4831,-0.788103,-2.40858,-0.365649,0.553879
-11.475,-0.780763,-2.41557,-0.367872,0.548114
-11.4667,-0.773437,-2.42252,-0.370104,0.542338
-11.4584,-0.766123,-2.42942,-0.372344,0.536574
-11.4499,-0.758823,-2.43626,-0.374592,0.530843
-11.4414,-0.751538,-2.44307,-0.376848,0.525162
-11.4327,-0.744268,-2.44982,-0.379112,0.51955
-11.424,-0.737013,-2.45653,-0.381384,0.514022
-11.4151,-0.729773,-2.46319,-0.383946,0.508159
-11.4061,-0.722545,-2.4698,-0.388469,0.49857
-11.397,-0.715291,-2.47634,-0.390812,0.48554
-11.3878,-0.708055,-2.48272,-0.393143,0.469434
-11.3785,-0.700834,-2.48889,-0.395474,0.450642
-11.369,-0.693628,-2.4948,-0.397806,0.429581
-11.3595,-0.686436,-2.50044,-0.400138,0.406682
-11.3499,-0.679256,-2.50577,-0.40247,0.38239
-11.3402,-0.672086,-2.51078,-0.404801,0.357147
-11.3304,-0.664924,-2.51545,-0.407133,0.331392
-11.3205,-0.657766,-2.51978,-0.409467,0.305548
-11.3105,-0.65061,-2.52378,-0.411803,0.28002
-11.3004,-0.643454,-2.52744,-0.414143,0.255187
-11.2903,-0.636295,-2.53078,-0.416488,0.231397
-11.28,-0.629128,-2.53381,-0.41884,0.208964
-11.2697,-0.621953,-2.53656,-0.421199,0.188163
-11.2593,-0.614766,-2.53904,-0.423569,0.169232
-11.2489,-0.607564,-2.54128,-0.42595,0.152361
-11.2383,-0.600346,-2.5433,-0.428345,0.137703
-11.2277,-0.593108,-2.54514,-0.430756,0.125363
-11.217,-0.585849,-2.54682,-0.433183,0.115406
-11.2062,-0.578568,-2.54837,-0.435629,0.107852
-11.1954,-0.571262,-2.54983,-0.438096,0.102683
-11.1845,-0.56393,-2.55123,-0.440585,0.0998456
-11.1735,-0.556572,-2.55259,-0.443098,0.0992486
-11.1625,-0.549188,-2.55396,-0.445636,0.100772
-11.1513,-0.541776,-2.55535,-0.448201,0.10427
-11.1401,-0.534337,-2.5568,-0.450793,0.109574
-11.1289,-0.526872,-2.55833,-0.453413,0.116497
-11.1175,-0.51938,-2.55997,-0.456063,0.124842
-11.1061,-0.511864,-2.56174,-0.458742,0.134401
-11.0946,-0.504323,-2.56366,-0.461452,0.144967
-11.083,-0.496761,-2.56575,-0.464192,0.156329
-11.0713,-0.489178,-2.56801,-0.466962,0.168286
-11.0595,-0.481576,-2.57046,-0.469763,0.180645
-11.0477,-0.473957,-2.57312,-0.472594,0.193223
-11.0357,-0.466325,-2.57598,-0.475454,0.205855
-11.0237,-0.45868,-2.57905,-0.478344,0.218391
-11.0115,-0.451027,-2.58233,-0.481262,0.230702
-10.9993,-0.443367,-2.58583,-0.484207,0.242676
-10.9869,-0.435703,-2.58953,-0.487179,0.254224
-10.9745,-0.428038,-2.59345,-0.490177,0.265273
-10.962,-0.420375,-2.59757,-0.493198,0.275771
-10.9493,-0.412717,-2.60188,-0.496243,0.285683
-10.9365,-0.405066,-2.60639,-0.49931,0.294989
-10.9236,-0.397427,-2.61108,-0.502397,0.303685
-10.9106,-0.389801,-2.61595,-0.505504,0.311775
-10.8975,-0.382191,-2.62099,-0.508629,0.319276
-10.8843,-0.374602,-2.62619,-0.51177,0.32621
-10.8709,-0.367034,-2.63155,-0.514926,0.332604
-10.8574,-0.359492,-2.63705,-0.518096,0.338488
-10.8438,-0.351979,-2.64269,-0.521278,0.343893
-10.8301,-0.344496,-2.64846,-0.524471,0.34885
-10.8162,-0.337048,-2.65436,-0.527673,0.353388
-10.8023,-0.329637,-2.66038,-0.530883,0.357533
-10.7881,-0.322265,-2.66652,-0.5341,0.36131
-10.7739,-0.314936,-2.67276,-0.537321,0.364739
-10.7595,-0.307653,-2.6791,-0.540545,0.367836
-10.745,-0.300417,-2.68555,-0.543771,0.370615
-10.7303,-0.293233,-2.69208,-0.546996,0.373088
-10.7156,-0.286102,-2.6987,-0.55022,0.375262
-10.7007,-0.279028,-2.70541,-0.553441,0.377143
-10.6856,-0.272014,-2.71219,-0.556657,0.378736
-10.6704,-0.265061,-2.71904,-0.559866,0.380045
-10.6551,-0.258173,-2.72596,-0.563066,0.381071
-10.6397,-0.251353,-2.73293,-0.566257,0.381817
-10.6241,-0.244602,-2.73996,-0.569435,0.382284
-10.6083,-0.237924,-2.74705,-0.572599,0.382475
-10.5925,-0.231321,-2.75417,-0.575748,0.38239
-10.5765,-0.224796,-2.76133,-0.57888,0.382034
-10.5604,-0.21835,-2.76852,-0.581992,0.381406
-10.5441,-0.211986,-2.77574,-0.585083,0.380512
-10.5277,-0.205707,-2.78298,-0.588152,0.379355
-10.5112,-0.199514,-2.79023,-0.591196,0.37794
-10.4945,-0.19341,-2.79749,-0.594214,0.376273
-10.4778,-0.187396,-2.80475,-0.597204,0.37436
-10.4608,-0.181475,-2.81201,-0.600164,0.372208
-10.4438,-0.175647,-2.81926,-0.603094,0.369824
-10.4267,-0.169916,-2.82649,-0.60599,0.367214
-10.4094,-0.164282,-2.8337,-0.608853,0.364388
-10.392,-0.158746,-2.84088,-0.61168,0.361352
-10.3744,-0.153311,-2.84803,-0.61447,0.358115
-10.3568,-0.147977,-2.85514,-0.617221,0.354687
-10.339,-0.142745,-2.86221,-0.619933,0.351074
-10.3211,-0.137616,-2.86923,-0.622604,0.347287
-10.3032,-0.132592,-2.8762,-0.625233,0.343334
-10.2851,-0.127672,-2.88312,-0.627819,0.339223
-10.2668,-0.122858,-2.88997,-0.630361,0.334965
-10.2485,-0.118149,-2.89675,-0.632859,0.330566
-10.2301,-0.113547,-2.90347,-0.635311,0.326037
-10.2116,-0.109052,-2.91011,-0.637718,0.321386
-10.193,-0.104662,-2.91668,-0.640078,0.316621
-10.1743,-0.10038,-2.92317,-0.642393,0.311751
-10.1554,-0.0962039,-2.92957,-0.644664,0.306783
-10.1365,-0.092134,-2.93588,-0.646891,0.301726
-10.1175,-0.08817,-2.94211,-0.64908,0.296587
-10.0984,-0.0843113,-2.94825,-0.651237,0.291374
-10.0793,-0.0805574,-2.95429,-0.653373,0.286096
-10.06,-0.0769074,-2.96023,-0.65551,0.280759
-10.0407,-0.0733604,-2.96608,-0.65769,0.275372
-10.0212,-0.0699151,-2.97183,-0.659987,0.269941
-10.0017,-0.0665699,-2.97747,-0.66091,0.264473
-9.98217,-0.0633304,-2.98301,-0.662711,0.258983
-9.96254,-0.0601908,-2.98844,-0.664467,0.253475
-9.94284,-0.0571497,-2.99376,-0.666173,0.247955
-9.92307,-0.054206,-2.99898,-0.668832,0.242429
-9.90321,-0.0513542,-3.00409,-0.670186,0.236897
-9.88329,-0.0485984,-3.0091,-0.671539,0.231373
-9.86332,-0.0459369,-3.01399,-0.672904,0.225862
-9.8433,-0.043368,-3.01877,-0.67464,0.220377
-9.82321,-0.0408885,-3.02345,-0.675881,0.21491
-9.80308,-0.0384985,-3.02801,-0.677117,0.209472
-9.7829,-0.0361962,-3.03246,-0.678696,0.204068
-9.76266,-0.0339786,-3.03681,-0.679811,0.198702
-9.74237,-0.0318454,-3.04104,-0.68092,0.19338
-9.72205,-0.0297948,-3.04516,-0.682352,0.188106
-9.70167,-0.0278239,-3.04918,-0.683344,0.182882
-9.68126,-0.0259322,-3.05309,-0.684329,0.177713
-9.66081,-0.0241176,-3.05689,-0.685625,0.172603
-9.64032,-0.0223774,-3.06059,-0.686498,0.167554
-9.61979,-0.020711,-3.06418,-0.687363,0.162569
-9.59923,-0.0191162,-3.06767,-0.688536,0.157653
-9.57863,-0.0175906,-3.07105,-0.689295,0.152805
-9.558,-0.0161331,-3.07433,-0.690046,0.148029
-9.53735,-0.0147418,-3.07752,-0.691107,0.143329
-9.51666,-0.0134142,-3.0806,-0.691756,0.138703
-9.49594,-0.0121492,-3.08359,-0.692401,0.134155
-9.47521,-0.010945,-3.08648,-0.69336,0.129688
-9.45444,-0.00979919,-3.08927,-0.693907,0.1253
-9.43365,-0.00871057,-3.09198,-0.694451,0.120995
-9.41284,-0.00767735,-3.09459,-0.69499,0.116773
-9.39201,-0.00669771,-3.09711,-0.695767,0.112636
-9.37116,-0.00576956,-3.09955,-0.696222,0.108582
-9.35029,-0.00489158,-3.10189,-0.696671,0.104614
-9.32941,-0.00406206,-3.10415,-0.697369,0.100735
-9.3085,-0.003279,-3.10633,-0.697738,0.0969385
-9.28758,-0.00254114,-3.10843,-0.698103,0.0932288
-9.26665,-0.0018468,-3.11045,-0.698734,0.0896057
-9.2457,-0.00119414,-3.11239,-0.699023,0.0860684
-9.22474,-0.000581899,-3.11426,-0.699313,0.0826177
-9.20377,-8.52685e-06,-3.11605,-0.6996,0.0792536
-9.18279,0.000527506,-3.11777,-0.698444,0.0760491
-9.16184,0.00102666,-3.11941,-0.698194,0.0729371
-9.1409,0.00149116,-3.12099,-0.698002,0.0698999
-9.11996,0.00192251,-3.1225,-0.69807,0.0669347
-9.09903,0.00232225,-3.12395,-0.697877,0.0640406
-9.07809,0.00269159,-3.12533,-0.697713,0.061219
-9.05716,0.00303187,-3.12666,-0.697832,0.0584704
-9.03623,0.00334453,-3.12792,-0.697661,0.0557944
-9.0153,0.00363066,-3.12913,-0.697521,0.0531917
-8.99438,0.00389153,-3.13027,-0.697686,0.0506627
-8.97345,0.00412842,-3.13137,-0.697533,0.0482063
-8.95252,0.00434236,-3.13241,-0.697411,0.045823
-8.9316,0.00453449,-3.1334,-0.697317,0.0435126
-8.91068,0.0047059,-3.13434,-0.697476,0.0412745
-8.88976,0.0048577,-3.13523,-0.697371,0.0391075
-8.86884,0.00499085,-3.13607,-0.697291,0.0370114
-8.84792,0.00510632,-3.13687,-0.697484,0.0349856
-8.827,0.00520512,-3.13763,-0.697388,0.0330285
-8.80608,0.00528811,-3.13834,-0.697319,0.0311399
-8.78516,0.00535619,-3.13901,-0.697544,0.0293186
-8.76423,0.00541022,-3.13964,-0.697454,0.0275631
-8.74331,0.00545102,-3.14024,-0.697391,0.0258728
-8.72238,0.00547936,-3.1408,-0.697351,0.0242466
-8.70146,0.00549603,-3.14132,-0.697556,0.0226832
-8.68054,0.00550176,-3.14181,-0.697427,0.0211821
-8.65961,0.00549724,-3.14227,-0.697288,0.0197426
-8.6387,0.00548317,-3.14269,-0.697475,0.018362
-8.61777,0.00546018,-3.14309,-0.697382,0.0170381
-8.59685,0.00542891,-3.14345,-0.697315,0.0157699
-8.57593,0.00538995,-3.1438,-0.697533,0.0145563
-8.55501,0.00534387,-3.14411,-0.697446,0.0133953
-8.53408,0.00529122,-3.1444,-0.697386,0.0122862
-8.51316,0.00523252,-3.14466,-0.697348,0.0112275
-8.49224,0.00516829,-3.14491,-0.697547,0.0102178
-8.47131,0.00509897,-3.14513,-0.697493,0.00925558
-8.45039,0.00502504,-3.14533,-0.69746,0.00833966
-8.42947,0.00494694,-3.14551,-0.697682,0.00746871
-8.40854,0.00486505,-3.14567,-0.697628,0.00664113
-8.38761,0.00477979,-3.14581,-0.697597,0.0058558
-8.36668,0.00469154,-3.14594,-0.697841,0.0051114
-8.34574,0.00460061,-3.14605,-0.697786,0.00440638
-8.32481,0.00450738,-3.14614,-0.697754,0.00373965
-8.30388,0.00441216,-3.14622,-0.69802,0.00310991
-8.28294,0.00431522,-3.14629,-0.697961,0.00251569
-8.262,0.00421688,-3.14634,-0.697926,0.00195591
-8.24106,0.00411741,-3.14639,-0.697913,0.00142935
-8.22012,0.00401705,-3.14642,-0.698145,0.000934762
-8.19918,0.00391602,-3.14644,-0.698108,0.000470813
-8.17824,0.00381457,-3.14645,-0.698091,3.64476e-05
-8.15729,0.0037129,-3.14645,-0.698339,-0.000369482
-8.13634,0.00361119,-3.14644,-0.698296,-0.000748222
-8.1154,0.00350965,-3.14642,-0.698274,-0.00110077
-8.09445,0.00340845,-3.1464,-0.698538,-0.0014282
-8.07349,0.00330771,-3.14637,-0.698487,-0.00173167
-8.05254,0.00320762,-3.14633,-0.698459,-0.00201211
-8.03158,0.00310832,-3.14629,-0.698449,-0.00227053
-8.01063,0.00300994,-3.14624,-0.698677,-0.0025079
-7.98967,0.00291255,-3.14618,-0.698643,-0.00272525
-7.96871,0.0028163,-3.14613,-0.698627,-0.00292345
-7.94775,0.00272128,-3.14606,-0.698868,-0.00310339
-7.92679,0.00262756,-3.146,-0.698825,-0.003266
-7.90582,0.00253525,-3.14593,-0.698801,-0.00341207
-7.88486,0.00244443,-3.14585,-0.699056,-0.00354243
-7.86389,0.00235511,-3.14577,-0.699003,-0.00365791
-7.84292,0.00226741,-3.1457,-0.698971,-0.00375924
-7.82195,0.00218138,-3.14561,-0.698957,-0.00384717
-7.80098,0.00209704,-3.14553,-0.699174,-0.00392243
-7.78001,0.00201443,-3.14545,-0.699135,-0.00398572
-7.75903,0.0019336,-3.14536,-0.699113,-0.00403771
-7.73806,0.00185458,-3.14527,-0.699342,-0.00407904
-7.71708,0.00177736,-3.14518,-0.699293,-0.00411035
-7.6961,0.00170201,-3.1451,-0.699263,-0.00413222
-7.67512,0.00162852,-3.14501,-0.699504,-0.00414524
-7.65414,0.00155688,-3.14492,-0.699444,-0.00414999
-7.63315,0.00148712,-3.14483,-0.699405,-0.00414712
-7.61217,0.00141926,-3.14474,-0.699383,-0.00413699
-7.59119,0.00135328,-3.14465,-0.699587,-0.00411994
-7.5702,0.00128916,-3.14456,-0.69954,-0.00409674
-7.54922,0.00122691,-3.14447,-0.69951,-0.00406784
-7.52823,0.00116653,-3.14438,-0.699725,-0.0040333
-7.50724,0.00110797,-3.14429,-0.699668,-0.00399404
-7.48625,0.00105125,-3.14421,-0.699629,-0.00395038
-7.46526,0.000996351,-3.14412,-0.699857,-0.00390215
-7.44427,0.000943227,-3.14404,-0.699789,-0.00385088
-7.42327,0.000891881,-3.14396,-0.699742,-0.0037965
-7.40228,0.000842288,-3.14387,-0.699711,-0.00373872
-7.38129,0.000794422,-3.14379,-0.699902,-0.00367774
-7.36029,0.000748242,-3.14371,-0.699847,-0.00361417
-7.3393,0.000703737,-3.14363,-0.699808,-0.0035481
-7.3183,0.000660876,-3.14356,-0.700011,-0.00348042
-7.2973,0.000619616,-3.14348,-0.699946,-0.00341035
-7.2763,0.000579942,-3.14341,-0.699899,-0.00333848
-7.25531,0.000541821,-3.14334,-0.700115,-0.00326585
-7.2343,0.000505206,-3.14327,-0.700039,-0.00319139
-7.2133,0.00047008,-3.1432,-0.699983,-0.00311588
-7.1923,0.000436408,-3.14313,-0.700214,-0.00304018
-7.1713,0.000404142,-3.14306,-0.700128,-0.0029635
-7.15029,0.000373262,-3.143,-0.700063,-0.00288642
-7.12929,0.000343733,-3.14294,-0.700016,-0.00280919
-7.10829,0.000315519,-3.14288,-0.700209,-0.00273235
-7.08728,0.000288574,-3.14282,-0.700137,-0.00265531
-7.06628,0.000262875,-3.14276,-0.700083,-0.00257848
-7.04528,0.000238385,-3.1427,-0.700289,-0.00250237
-7.02427,0.000215062,-3.14265,-0.700207,-0.00242645
-7.00326,0.000192879,-3.1426,-0.700145,-0.00235109
-6.98226,0.000171802,-3.14255,-0.700367,-0.00227672
-6.96125,0.000151788,-3.1425,-0.700274,-0.0022029
-6.94024,0.000132813,-3.14245,-0.700203,-0.00212988
-6.91923,0.000114842,-3.1424,-0.700151,-0.0020578
-6.89823,9.78407e-05,-3.14236,-0.700336,-0.00198704
-6.87722,8.17715e-05,-3.14231,-0.700258,-0.0019171
-6.85621,6.66082e-05,-3.14227,-0.700198,-0.00184822
-6.8352,5.23183e-05,-3.14223,-0.700398,-0.00178081
-6.81419,3.88654e-05,-3.14219,-0.700311,-0.0017144
-6.79318,2.62246e-05,-3.14216,-0.700243,-0.00164916
-6.77218,1.4365e-05,-3.14212,-0.700459,-0.00158551
-6.75116,3.25234e-06,-3.14209,-0.700362,-0.00152297
-6.73015,-7.13711e-06,-3.14205,-0.700264,-0.00146171
-6.70914,-1.68321e-05,-3.14202,-0.700191,-0.00140184
-6.68814,-2.58611e-05,-3.14199,-0.700363,-0.00134368
-6.66713,-3.42544e-05,-3.14196,-0.700274,-0.00128663
-6.64612,-4.20353e-05,-3.14194,-0.700203,-0.00123095
-6.62511,-4.923e-05,-3.14191,-0.700392,-0.00117702
-6.6041,-5.58666e-05,-3.14188,-0.700295,-0.00112421
-6.58309,-6.19666e-05,-3.14186,-0.700219,-0.00107278
-6.56208,-6.75544e-05,-3.14184,-0.700425,-0.00102311
-6.54107,-7.26557e-05,-3.14181,-0.700321,-0.000974551
-6.52006,-7.72906e-05,-3.14179,-0.700238,-0.000927374
-6.49906,-8.14815e-05,-3.14177,-0.700175,-0.000881574
-6.47805,-8.52502e-05,-3.14175,-0.700348,-0.000837551
-6.45704,-8.86187e-05,-3.14173,-0.700261,-0.000794621
-6.43603,-9.16057e-05,-3.14172,-0.700193,-0.000752963
-6.41503,-9.42309e-05,-3.1417,-0.700382,-0.000713067
-6.39401,-9.65142e-05,-3.14169,-0.700287,-0.000674179
-6.37301,-9.84727e-05,-3.14167,-0.700213,-0.000636533
-6.352,-0.000100124,-3.14166,-0.70042,-0.00060062
-6.33099,-0.000101487,-3.14164,-0.700317,-0.000565615
-6.30998,-0.000102575,-3.14163,-0.700236,-0.000531809
-6.28897,-0.000103407,-3.14162,-0.700174,-0.000499203
-6.26796,-0.000103996,-3.14161,-0.700347,-0.000468327
-6.24695,-0.000104359,-3.1416,-0.700262,-0.000438231
-6.22595,-0.000104508,-3.14159,-0.700193,-0.000409211
-6.20494,-0.000104458,-3.14158,-0.70038,-0.000381878
-6.18393,-0.000104221,-3.14157,-0.700286,-0.000355193
-6.16292,-0.000103811,-3.14157,-0.700212,-0.000329499
-6.14191,-0.000103239,-3.14156,-0.700418,-0.000305469
-6.1209,-0.000102518,-3.14155,-0.700316,-0.000281982
-6.09989,-0.000101657,-3.14155,-0.700235,-0.000259386
-6.07889,-0.000100668,-3.14154,-0.700173,-0.000237737
-6.05788,-9.95613e-05,-3.14153,-0.700346,-0.000217798
-6.03687,-9.83461e-05,-3.14153,-0.700261,-0.000198189
-6.01586,-9.70319e-05,-3.14153,-0.700193,-0.00017933
-5.99486,-9.56277e-05,-3.14152,-0.700382,-0.000162178
-5.97384,-9.41414e-05,-3.14152,-0.700289,-0.000145194
-5.95284,-9.25816e-05,-3.14152,-0.700216,-0.000128872
-5.93183,-9.09559e-05,-3.14151,-0.700422,-0.00011427
-5.91082,-8.92711e-05,-3.14151,-0.70032,-9.96655e-05
-5.88981,-8.75345e-05,-3.14151,-0.700241,-8.56984e-05
-5.8688,-8.57527e-05,-3.14151,-0.70018,-7.25227e-05
-5.84779,-8.39322e-05,-3.1415,-0.700352,-6.08219e-05
-5.82678,-8.20781e-05,-3.1415,-0.700268,-4.91688e-05
-5.80578,-8.01967e-05,-3.1415,-0.700201,-3.8108e-05
-5.78477,-7.8293e-05,-3.1415,-0.700389,-2.83621e-05
-5.76376,-7.63715e-05,-3.1415,-0.700297,-1.86377e-05
-5.74275,-7.44373e-05,-3.1415,-0.700224,-9.44124e-06
-5.72174,-7.24949e-05,-3.1415,-0.70043,-1.43279e-06
-5.70073,-7.05475e-05,-3.1415,-0.700329,6.57041e-06
-5.67972,-6.85998e-05,-3.1415,-0.70025,1.4105e-05
-5.65871,-6.66554e-05,-3.1415,-0.700189,2.10941e-05
-5.63771,-6.47175e-05,-3.1415,-0.700361,2.71324e-05
-5.6167,-6.27887e-05,-3.1415,-0.700277,3.30951e-05
-5.59569,-6.08725e-05,-3.1415,-0.700211,3.86546e-05
-5.57468,-5.89716e-05,-3.1415,-0.700398,4.33897e-05
-5.55367,-5.70877e-05,-3.1415,-0.700306,4.80688e-05
-5.53266,-5.52238e-05,-3.1415,-0.700234,5.23962e-05
-5.51165,-5.3382e-05,-3.14151,-0.700438,5.60006e-05
-5.49064,-5.15635e-05,-3.14151,-0.700338,5.95611e-05
-5.46963,-4.97707e-05,-3.14151,-0.700259,6.28164e-05
-5.44862,-4.80052e-05,-3.14151,-0.700198,6.57273e-05
-5.42762,-4.62685e-05,-3.14151,-0.70037,6.80817e-05
-5.40661,-4.45613e-05,-3.14151,-0.700286,7.0357e-05
-5.3856,-4.28852e-05,-3.14151,-0.70022,7.23792e-05
-5.36459,-4.12413e-05,-3.14152,-0.700407,7.39364e-05
-5.34358,-3.96299e-05,-3.14152,-0.700315,7.54279e-05
-5.32257,-3.80524e-05,-3.14152,-0.700243,7.67044e-05
-5.30156,-3.65093e-05,-3.14152,-0.700446,7.75906e-05
-5.28055,-3.50007e-05,-3.14152,-0.700346,7.84195e-05
-5.25954,-3.35277e-05,-3.14152,-0.700267,7.90671e-05
-5.23853,-3.20905e-05,-3.14153,-0.700207,7.95188e-05
-5.21752,-3.06894e-05,-3.14153,-0.700377,7.96883e-05
-5.19651,-2.93241e-05,-3.14153,-0.700293,7.97879e-05
-5.1755,-2.79952e-05,-3.14153,-0.700227,7.97445e-05
-5.1545,-2.67028e-05,-3.14153,-0.700413,7.94807e-05
-5.13348,-2.54463e-05,-3.14153,-0.700322,7.91553e-05
-5.11247,-2.42262e-05,-3.14154,-0.70025,7.87132e-05
-5.09147,-2.30422e-05,-3.14154,-0.700452,7.81017e-05
-5.07045,-2.18937e-05,-3.14154,-0.700352,7.74341e-05
-5.04944,-2.07809e-05,-3.14154,-0.700273,7.66725e-05
-5.02843,-1.97034e-05,-3.14154,-0.700213,7.58165e-05
-5.00743,-1.8661e-05,-3.14154,-0.700383,7.48552e-05
-4.98642,-1.76527e-05,-3.14155,-0.700299,7.38381e-05
-4.96541,-1.66787e-05,-3.14155,-0.700233,7.27533e-05
-4.9444,-1.57383e-05,-3.14155,-0.700418,7.16014e-05
-4.92339,-1.48309e-05,-3.14155,-0.700327,7.03985e-05
-4.90238,-1.39561e-05,-3.14155,-0.700255,6.91445e-05
-4.88137,-1.31134e-05,-3.14155,-0.700457,6.78557e-05
-4.86036,-1.2302e-05,-3.14156,-0.700357,6.65191e-05
-4.83935,-1.15215e-05,-3.14156,-0.700278,6.51454e-05
-4.81834,-1.07715e-05,-3.14156,-0.700218,6.37414e-05
-4.79733,-1.00511e-05,-3.14156,-0.700387,6.23359e-05
-4.77632,-9.35953e-06,-3.14156,-0.700303,6.08895e-05
-4.75531,-8.69644e-06,-3.14156,-0.700237,5.94225e-05
-4.7343,-8.06111e-06,-3.14156,-0.700421,5.79751e-05
-4.71329,-7.45266e-06,-3.14156,-0.70033,5.64891e-05
-4.69228,-6.87067e-06,-3.14157,-0.700258,5.49921e-05
-4.67127,-6.31445e-06,-3.14157,-0.700459,5.35331e-05
-4.65026,-5.78309e-06,-3.14157,-0.700359,5.20371e-05
-4.62925,-5.27617e-06,-3.14157,-0.700281,5.05378e-05
-4.60824,-4.79299e-06,-3.14157,-0.70022,4.90449e-05
-4.58723,-4.33285e-06,-3.14157,-0.700389,4.76031e-05
-4.56622,-3.89491e-06,-3.14157,-0.700305,4.61335e-05
-4.54521,-3.47869e-06,-3.14157,-0.700239,4.46701e-05
-4.52421,-3.0835e-06,-3.14157,-0.700423,4.32674e-05
-4.50319,-2.70853e-06,-3.14158,-0.700332,4.18378e-05
-4.48218,-2.35331e-06,-3.14158,-0.70026,4.04189e-05
-4.46117,-2.01715e-06,-3.14158,-0.70046,3.90698e-05
-4.44016,-1.6993e-06,-3.14158,-0.700361,3.76941e-05
-4.41915,-1.39927e-06,-3.14158,-0.700282,3.63328e-05
-4.39814,-1.11644e-06,-3.14158,-0.700222,3.49956e-05
-4.37714,-8.50152e-07,-3.14158,-0.70039,3.37293e-05
-4.35612,-5.99728e-07,-3.14158,-0.700306,3.24456e-05
-4.33511,-3.64684e-07,-3.14158,-0.700241,3.11809e-05
-4.31411,-1.44425e-07,-3.14158,-0.700423,2.99895e-05
-4.29309,6.17027e-08,-3.14158,-0.700332,2.87807e-05
-4.27208,2.54154e-07,-3.14158,-0.70026,2.75924e-05
-4.25108,4.3349e-07,-3.14158,-0.700459,2.64803e-05
-4.23006,6.00319e-07,-3.14159,-0.70036,2.53508e-05
-4.20905,7.55071e-07,-3.14159,-0.700282,2.42426e-05
-4.18804,8.9827e-07,-3.14159,-0.700221,2.31643e-05
-4.16704,1.03043e-06,-3.14159,-0.700388,2.21572e-05
-4.14603,1.15208e-06,-3.14159,-0.700305,2.11405e-05
-4.12502,1.26363e-06,-3.14159,-0.700239,2.01466e-05
-4.10401,1.36555e-06,-3.14159,-0.700421,1.92226e-05
-4.083,1.45833e-06,-3.14159,-0.700331,1.82884e-05
-4.06199,1.54234e-06,-3.14159,-0.700259,1.73767e-05
-4.04098,1.61803e-06,-3.14159,-0.700458,1.65345e-05
-4.01996,1.68583e-06,-3.14159,-0.700359,1.56816e-05
-3.99895,1.7461e-06,-3.14159,-0.70028,1.48509e-05
-3.97795,1.79922e-06,-3.14159,-0.70022,1.40488e-05
-3.95694,1.84559e-06,-3.14159,-0.700387,1.33086e-05
-3.93593,1.88557e-06,-3.14159,-0.700304,1.2564e-05
-3.91492,1.91949e-06,-3.14159,-0.700238,1.18412e-05
-3.89391,1.94769e-06,-3.14159,-0.70042,1.1177e-05
-3.8729,1.9705e-06,-3.14159,-0.70033,1.05077e-05
-3.85189,1.98823e-06,-3.14159,-0.700258,9.859e-06
-3.83088,2.00118e-06,-3.14159,-0.700456,9.26684e-06
-3.80987,2.00964e-06,-3.14159,-0.700358,8.66903e-06
-3.78886,2.01388e-06,-3.14159,-0.70028,8.09067e-06
-3.76785,2.01418e-06,-3.14159,-0.70022,7.53659e-06
-3.74684,2.0108e-06,-3.14159,-0.700386,7.03133e-06
-3.72583,2.00398e-06,-3.14159,-0.700303,6.52486e-06
-3.70482,1.99397e-06,-3.14159,-0.700238,6.03666e-06
-3.68381,1.98099e-06,-3.14159,-0.700419,5.59361e-06
-3.6628,1.96526e-06,-3.14159,-0.700329,5.14865e-06
-3.64179,1.94699e-06,-3.14159,-0.700257,4.72055e-06
-3.62078,1.92637e-06,-3.14159,-0.700455,4.33484e-06
-3.59977,1.9036e-06,-3.14159,-0.700356,3.94678e-06
-3.57876,1.87886e-06,-3.14159,-0.700279,3.57421e-06
-3.55775,1.85233e-06,-3.14159,-0.700219,3.22041e-06
-3.53674,1.82417e-06,-3.14159,-0.700385,2.90222e-06
-3.51573,1.79454e-06,-3.14159,-0.700302,2.58464e-06
-3.49472,1.7636e-06,-3.14159,-0.700237,2.28111e-06
-3.47372,1.73148e-06,-3.14159,-0.700417,2.00977e-06
-3.4527,1.69831e-06,-3.14159,-0.700328,1.73843e-06
-3.43169,1.66424e-06,-3.14159,-0.700257,1.47977e-06
-3.41069,1.62937e-06,-3.14159,-0.700453,1.25065e-06
-3.38967,1.59383e-06,-3.14159,-0.700355,1.02114e-06
-3.36866,1.55772e-06,-3.14159,-0.700278,8.03041e-07
-3.34765,1.52114e-06,-3.14159,-0.700219,5.98393e-07
-3.32665,1.48421e-06,-3.14159,-0.700384,4.17875e-07
-3.30564,1.447e-06,-3.14159,-0.700301,2.38795e-07
-3.28463,1.40959e-06,-3.14159,-0.700237,6.97363e-08
-3.26362,1.37209e-06,-3.14159,-0.700416,-7.8031e-08
-3.24261,1.33454e-06,-3.14159,-0.700327,-2.24832e-07
-3.2216,1.29704e-06,-3.14159,-0.700256,-3.62771e-07
-3.20059,1.25963e-06,-3.14159,-0.700452,-4.81672e-07
-3.17958,1.22239e-06,-3.14159,-0.700355,-5.99908e-07
-3.15857,1.18537e-06,-3.14159,-0.700277,-7.10339e-07
-3.13756,1.14862e-06,-3.14159,-0.700218,-8.11826e-07
-3.11655,1.1122e-06,-3.14159,-0.700383,-8.98248e-07
-3.09554,1.07615e-06,-3.14159,-0.700301,-9.83006e-07
-3.07453,1.0405e-06,-3.14159,-0.700236,-1.06114e-06
-3.05352,1.00531e-06,-3.14159,-0.700415,-1.12636e-06
-3.03251,9.70587e-07,-3.14159,-0.700326,-1.19026e-06
-3.0115,9.36384e-07,-3.14159,-0.700256,-1.24843e-06
-2.99049,9.02726e-07,-3.14159,-0.700451,-1.29544e-06
-2.96948,8.69627e-07,-3.14159,-0.700354,-1.34134e-06
-2.94847,8.37122e-07,-3.14159,-0.700277,-1.38232e-06
-2.92746,8.05231e-07,-3.14159,-0.700218,-1.41784e-06
-2.90645,7.73972e-07,-3.14159,-0.700382,-1.44492e-06
-2.88544,7.4335e-07,-3.14159,-0.7003,-1.47045e-06
-2.86443,7.13389e-07,-3.14159,-0.700236,-1.49196e-06
-2.84343,6.84101e-07,-3.14159,-0.700414,-1.50654e-06
-2.82241,6.55484e-07,-3.14159,-0.700325,-1.51981e-06
-2.8014,6.27556e-07,-3.14159,-0.700255,-1.5297e-06
-2.7804,6.00322e-07,-3.14159,-0.70045,-1.53392e-06
-2.75938,5.73777e-07,-3.14159,-0.700353,-1.53698e-06
-2.73837,5.47934e-07,-3.14159,-0.700276,-1.53722e-06
-2.71736,5.22793e-07,-3.14159,-0.700217,-1.53452e-06
-2.69636,4.98353e-07,-3.14159,-0.700381,-1.52785e-06
-2.67535,4.74606e-07,-3.14159,-0.700299,-1.51991e-06
-2.65434,4.51558e-07,-3.14159,-0.700235,-1.50981e-06
-2.63333,4.29202e-07,-3.14159,-0.700413,-1.49676e-06
-2.61232,4.07528e-07,-3.14159,-0.700324,-1.48256e-06
-2.59131,3.86539e-07,-3.14159,-0.700254,-1.46664e-06
-2.5703,3.66225e-07,-3.14159,-0.700448,-1.4486e-06
-2.54929,3.46574e-07,-3.14159,-0.700352,-1.4295e-06
-2.52828,3.27585e-07,-3.14159,-0.700275,-1.40907e-06
-2.50727,3.09248e-07,-3.14159,-0.700217,-1.38734e-06
-2.48626,2.91554e-07,-3.14159,-0.700379,-1.36446e-06
-2.46525,2.74487e-07,-3.14159,-0.700298,-1.34061e-06
-2.44424,2.58043e-07,-3.14159,-0.700234,-1.31584e-06
-2.42323,2.4221e-07,-3.14159,-0.700412,-1.29051e-06
-2.40222,2.26972e-07,-3.14159,-0.700323,-1.2643e-06
-2.38121,2.12324e-07,-3.14159,-0.700254,-1.23744e-06
-2.36021,1.98252e-07,-3.14159,-0.700447,-1.21052e-06
-2.33919,1.84739e-07,-3.14159,-0.700351,-1.18277e-06
-2.31818,1.71779e-07,-3.14159,-0.700275,-1.15459e-06
-2.29717,1.59359e-07,-3.14159,-0.700216,-1.12613e-06
-2.27617,1.47465e-07,-3.14159,-0.700378,-1.0981e-06
-2.25516,1.36081e-07,-3.14159,-0.700297,-1.06939e-06
-2.23415,1.25198e-07,-3.14159,-0.700234,-1.04052e-06
-2.21314,1.14803e-07,-3.14159,-0.700411,-1.01238e-06
-2.19213,1.04878e-07,-3.14159,-0.700322,-9.83595e-07
-2.17112,9.54152e-08,-3.14159,-0.700253,-9.54791e-07
-2.15011,8.6401e-08,-3.14159,-0.700446,-9.26995e-07
-2.1291,7.78189e-08,-3.14159,-0.70035,-8.98582e-07
-2.10809,6.96598e-08,-3.14159,-0.700274,-8.70265e-07
-2.08708,6.19105e-08,-3.14159,-0.700216,-8.42229e-07
-2.06607,5.45578e-08,-3.14159,-0.700377,-8.15354e-07
-2.04506,4.75866e-08,-3.14159,-0.700297,-7.88043e-07
-2.02405,4.09873e-08,-3.14159,-0.700233,-7.60968e-07
-2.00304,3.47471e-08,-3.14159,-0.700409,-7.35181e-07
-1.98203,2.88516e-08,-3.14159,-0.700321,-7.08967e-07
-1.96102,2.32915e-08,-3.14159,-0.700252,-6.83053e-07
-1.94001,1.80545e-08,-3.14159,-0.700444,-6.58547e-07
-1.919,1.31269e-08,-3.14159,-0.700349,-6.33621e-07
-1.89799,8.49976e-09,-3.14159,-0.700273,-6.09044e-07
-1.87698,4.16141e-09,-3.14159,-0.700483,-5.85965e-07
-1.85597,9.89621e-11,-3.14159,-0.700378,-5.62466e-07
-1.83496,-3.69615e-09,-3.14159,-0.700296,-5.39348e-07
-1.81395,-7.23485e-09,-3.14159,-0.700232,-5.16788e-07
-1.79294,-1.05278e-08,-3.14159,-0.700408,-4.95656e-07
-1.77193,-1.35865e-08,-3.14159,-0.700321,-4.74271e-07
-1.75092,-1.64192e-08,-3.14159,-0.700252,-4.53311e-07
-1.72991,-1.90358e-08,-3.14159,-0.700443,-4.33772e-07
-1.7089,-2.14468e-08,-3.14159,-0.700348,-4.13969e-07
-1.68789,-2.36601e-08,-3.14159,-0.700272,-3.94596e-07
-1.66688,-2.56847e-08,-3.14159,-0.700481,-3.76653e-07
-1.64587,-2.75304e-08,-3.14159,-0.700377,-3.58439e-07
-1.62485,-2.92043e-08,-3.14159,-0.700295,-3.40653e-07
-1.60384,-3.07149e-08,-3.14159,-0.700232,-3.23439e-07
-1.58284,-3.20704e-08,-3.14159,-0.700407,-3.07515e-07
-1.56183,-3.32791e-08,-3.14159,-0.70032,-2.91457e-07
-1.54082,-3.43476e-08,-3.14159,-0.700251,-2.75829e-07
-1.51981,-3.52835e-08,-3.14159,-0.700442,-2.61437e-07
-1.4988,-3.6094e-08,-3.14159,-0.700347,-2.46896e-07
-1.47778,-3.67855e-08,-3.14159,-0.700271,-2.32769e-07
-1.45678,-3.73645e-08,-3.14159,-0.70048,-2.19843e-07
-1.43576,-3.78378e-08,-3.14159,-0.700376,-2.0676e-07
-1.41475,-3.82109e-08,-3.14159,-0.700294,-1.94071e-07
-1.39374,-3.84899e-08,-3.14159,-0.700231,-1.81884e-07
-1.37274,-3.86806e-08,-3.14159,-0.700406,-1.70742e-07
-1.35172,-3.87885e-08,-3.14159,-0.700319,-1.59545e-07
-1.33071,-3.88187e-08,-3.14159,-0.70025,-1.48724e-07
-1.30971,-3.87764e-08,-3.14159,-0.70044,-1.38878e-07
-1.28869,-3.86663e-08,-3.14159,-0.700346,-1.28962e-07
-1.26768,-3.84931e-08,-3.14159,-0.700271,-1.19395e-07
-1.24667,-3.82611e-08,-3.14159,-0.700478,-1.10752e-07
-1.22566,-3.79748e-08,-3.14159,-0.700375,-1.02031e-07
-1.20465,-3.76381e-08,-3.14159,-0.700293,-9.36334e-08
-1.18364,-3.7255e-08,-3.14159,-0.70023,-8.56346e-08
-1.16263,-3.68293e-08,-3.14159,-0.700404,-7.84174e-08
-1.14162,-3.63646e-08,-3.14159,-0.700318,-7.1192e-08
-1.12061,-3.58642e-08,-3.14159,-0.700249,-6.42635e-08
-1.0996,-3.53315e-08,-3.14159,-0.700439,-5.8047e-08
-1.07859,-3.47694e-08,-3.14159,-0.700345,-5.18099e-08
-1.05758,-3.4181e-08,-3.14159,-0.70027,-4.58429e-08
-1.03657,-3.3569e-08,-3.14159,-0.700477,-4.05346e-08
-1.01556,-3.2936e-08,-3.14159,-0.700374,-3.51983e-08
-0.994547,-3.22846e-08,-3.14159,-0.700001,8.80836e-06
-0.973547,-3.16176e-08,-3.14159,-0.700001,1.45409e-05
-0.952547,-3.49552e-08,-3.14159,-0.700001,1.90745e-05
-0.931547,-4.49037e-08,-3.14159,-0.700001,2.20867e-05
-0.910547,-6.35242e-08,-3.14159,-0.700001,2.37124e-05
-0.889547,-9.21863e-08,-3.14159,-0.700001,2.4863e-05
-0.868547,-1.31629e-07,-3.1416,-0.700093,1.90082e-05
-0.847544,-1.82382e-07,-3.1416,-0.700074,1.59571e-05
-0.826542,-2.41778e-07,-3.1416,-0.700057,1.49363e-05
-0.80554,-3.08428e-07,-3.1416,-0.7,1.70239e-05
-0.78454,-3.81864e-07,-3.1416,-0.7,1.74558e-05
-0.76354,-4.6304e-07,-3.1416,-0.700001,1.69582e-05
-0.74254,-5.52152e-07,-3.1416,-0.700001,1.6681e-05
-0.72154,-6.48974e-07,-3.1416,-0.7,1.57811e-05
-0.70054,-7.53379e-07,-3.1416,-0.7,1.45581e-05
-0.67954,-8.64959e-07,-3.1416,-0.7,1.39882e-05
-0.65854,-9.83158e-07,-3.1416,-0.7,1.29871e-05
-0.63754,-1.10772e-06,-3.1416,-0.699975,1.28052e-05
-0.616541,-1.23818e-06,-3.1416,-0.699981,1.25209e-05
-0.595541,-1.37446e-06,-3.1416,-0.699972,1.19326e-05
-0.574542,-1.51643e-06,-3.1416,-0.7,1.00352e-05
-0.553542,-1.66383e-06,-3.1416,-0.7,6.94591e-06
-0.532542,-1.81579e-06,-3.1416,-0.699997,3.9334e-06
-0.511542,-1.97091e-06,-3.1416,-0.7,-1.88736e-07
-0.490542,-2.12782e-06,-3.1416,-0.7,-2.45763e-06
-0.469542,-2.28465e-06,-3.1416,-0.699999,-1.80878e-06
-0.448542,-2.44036e-06,-3.1416,-0.7,-2.37287e-06
-0.427542,-2.59524e-06,-3.1416,-0.699999,-2.9247e-06
-0.406542,-2.74905e-06,-3.1416,-0.699999,-2.84128e-06
-0.385542,-2.90152e-06,-3.1416,-0.699999,-1.69657e-06
-0.364542,-3.05271e-06,-3.1416,-0.699999,5.94656e-07
-0.343542,-3.20312e-06,-3.1416,-0.699999,-1.77163e-06
-0.322542,-3.3538e-06,-3.1416,-0.699999,1.34799e-06
-0.301542,-3.50368e-06,-3.1416,-0.699999,-6.24028e-06
-0.280542,-3.65417e-06,-3.1416,-0.699999,1.93602e-06
-0.259542,-3.80182e-06,-3.1416,-0.699998,-5.6136e-06
-0.238543,-3.95036e-06,-3.1416,-0.699998,7.43519e-07
-0.217543,-4.09634e-06,-3.1416,-0.699999,-3.53679e-06
-0.196543,-4.24266e-06,-3.1416,-0.699999,-8.58424e-07
-0.175543,-4.38737e-06,-3.1416,-0.699998,-2.2889e-06
-0.154543,-4.53169e-06,-3.1416,-0.699998,1.56735
-0.133543,-4.67497e-06,-9.42434,-0.700048,-0.743026
-0.112541,4.4441e-06,-9.40445,-0.697125,-0.141754
-0.0916319,0.000429465,-9.40138,-0.697932,-0.045565
-0.0706996,0.000919388,-9.40039,-0.698056,-0.0193888
-0.0497642,0.00143,-9.39997,-0.698204,-0.0127137
-0.0288245,0.00194949,-9.3997,-0.697712,-0.0128359
-0.00789972,0.00247436,-9.39942,-0.697283,-0.0142846
0.013012,0.0030047,-9.39911,-0.697342,-0.0134083
0.0339254,0.00354152,-9.39883,-0.69692,-0.0147309
0.054826,0.00408407,-9.39851,-0.697027,-0.0138935
0.0757296,0.00463333,-9.39821,-0.696599,-0.0153171
0.0966201,0.00518852,-9.39788,-0.696237,-0.0171256
0.1175,0.00575031,-9.39751,-0.696308,-0.016459
0.138381,0.00631986,-9.39716,-0.695943,-0.0178939
0.159251,0.0068965,-9.39677,-0.69605,-0.0171932
0.180125,0.00748128,-9.3964,-0.695684,-0.018684
0.200987,0.00807347,-9.396,-0.695833,-0.0180368
0.221853,0.00867418,-9.39561,-0.695461,-0.019519
0.242708,0.00928266,-9.39519,-0.695155,-0.0213047
0.263554,0.00989962,-9.39473,-0.695268,-0.0208133
0.284402,0.0105262,-9.39428,-0.694952,-0.0222211
0.305241,0.0111619,-9.39381,-0.695097,-0.021681
0.326084,0.0118077,-9.39334,-0.69478,-0.0231232
0.346917,0.0124628,-9.39284,-0.694961,-0.0226067
0.367755,0.0131285,-9.39236,-0.694638,-0.0240938
0.388584,0.013804,-9.39184,-0.694859,-0.0236029
0.409418,0.0144905,-9.39133,-0.694524,-0.0251276
0.430242,0.0151873,-9.39079,-0.694259,-0.0269597
0.451058,0.015895,-9.39021,-0.694432,-0.026564
0.471878,0.0166149,-9.38964,-0.694157,-0.0280013
0.49269,0.0173465,-9.38904,-0.694361,-0.0275292
0.513508,0.0180907,-9.38845,-0.69408,-0.0289781
0.534316,0.018847,-9.38783,-0.694319,-0.0285051
0.555132,0.0196165,-9.38722,-0.694026,-0.0299734
0.575938,0.0203984,-9.38657,-0.694306,-0.0295073
0.596752,0.021194,-9.38594,-0.693997,-0.0309967
0.617556,0.0220025,-9.38527,-0.69376,-0.0327861
0.638353,0.0228245,-9.38457,-0.69398,-0.0323791
0.659155,0.0236614,-9.38387,-0.693625,-0.0338317
0.679947,0.0245123,-9.38315,-0.694054,-0.0332745
0.70075,0.0253789,-9.38243,-0.693452,-0.0348105
0.721535,0.0262595,-9.38169,-0.694161,-0.0341662
0.742341,0.0271566,-9.38095,-0.693332,-0.0357773
0.763121,0.0280679,-9.38018,-0.693002,-0.0376834
0.78389,0.0289947,-9.37938,-0.693753,-0.0370556
0.804681,0.0299393,-9.37858,-0.692982,-0.0385486
0.825448,0.0308994,-9.37775,-0.693755,-0.037816
0.846238,0.0318777,-9.37694,-0.692977,-0.0392976
0.867004,0.0328718,-9.3761,-0.69378,-0.0385411
0.887792,0.0338845,-9.37527,-0.69299,-0.0400277
0.908557,0.0349133,-9.37441,-0.693829,-0.0392486
0.929345,0.0359612,-9.37357,-0.693022,-0.0407399
0.950108,0.0370253,-9.3727,-0.692713,-0.0425279
0.970862,0.0381071,-9.37179,-0.693499,-0.0417619
0.991637,0.0392091,-9.37089,-0.69275,-0.0431339
1.01239,0.0403285,-9.36997,-0.693558,-0.0422619
1.03317,0.0414684,-9.36906,-0.692798,-0.0436234
1.05392,0.0426259,-9.36812,-0.693636,-0.0427281
1.07469,0.0438042,-9.36721,-0.69286,-0.0440967
1.09544,0.0450002,-9.36626,-0.692578,-0.0457615
1.11619,0.0462153,-9.36528,-0.693368,-0.0448831
1.13695,0.0474522,-9.36432,-0.692642,-0.0461395
1.15769,0.0487078,-9.36333,-0.69345,-0.0451596
1.17846,0.0499854,-9.36236,-0.692712,-0.0464098
1.1992,0.0512817,-9.36136,-0.693546,-0.0454109
1.21996,0.0526003,-9.36039,-0.692793,-0.0466727
1.2407,0.0539376,-9.35939,-0.693659,-0.0456572
1.26147,0.0552974,-9.35841,-0.692886,-0.0469313
1.28221,0.056676,-9.3574,-0.692607,-0.0485059
1.30294,0.058075,-9.35636,-0.693417,-0.0475136
1.32369,0.0594971,-9.35534,-0.692697,-0.0486814
1.34442,0.0609389,-9.3543,-0.693525,-0.0475907
1.36518,0.0624041,-9.35328,-0.692791,-0.0487572
1.38591,0.0638889,-9.35223,-0.693647,-0.0476515
1.40666,0.0653972,-9.35121,-0.692893,-0.0488348
1.42739,0.0669252,-9.35016,-0.693784,-0.0477163
1.44815,0.0684768,-9.34914,-0.693006,-0.0489174
1.46888,0.0700479,-9.34809,-0.692723,-0.0504239
1.4896,0.0716401,-9.347,-0.69355,-0.0493358
1.51034,0.0732567,-9.34595,-0.692829,-0.0504374
1.53106,0.0748935,-9.34486,-0.693676,-0.0492543
1.55181,0.0765548,-9.34381,-0.692937,-0.0503599
1.57253,0.0782362,-9.34273,-0.693815,-0.0491656
1.59327,0.0799421,-9.34167,-0.693053,-0.0502935
1.61399,0.0816681,-9.34059,-0.692783,-0.0517279
1.6347,0.0834157,-9.33948,-0.693604,-0.0505701
1.65543,0.0851884,-9.3384,-0.692891,-0.0516077
1.67614,0.0869817,-9.33729,-0.69373,-0.0503605
1.69688,0.0888002,-9.33621,-0.693,-0.0514074
1.71758,0.0906392,-9.33511,-0.693867,-0.0501538
1.73832,0.0925033,-9.33403,-0.693116,-0.0512279
1.75903,0.0943877,-9.33293,-0.692855,-0.0526091
1.77972,0.0962942,-9.3318,-0.693669,-0.0513975
1.80044,0.0982262,-9.3307,-0.692962,-0.0523893
1.82114,0.100179,-9.32957,-0.693793,-0.051093
1.84186,0.102158,-9.32848,-0.693069,-0.0520989
1.86256,0.104157,-9.32736,-0.693926,-0.0508001
1.88327,0.106182,-9.32627,-0.693182,-0.0518374
1.90397,0.108227,-9.32515,-0.694072,-0.050538
1.92469,0.110298,-9.32407,-0.693304,-0.0516074
1.94538,0.112389,-9.32296,-0.693027,-0.0529893
1.96607,0.114502,-9.32182,-0.693856,-0.0517367
1.98677,0.116642,-9.32071,-0.693137,-0.0527272
2.00745,0.118802,-9.31958,-0.693986,-0.0513905
2.02816,0.120988,-9.31848,-0.693248,-0.0523983
2.04884,0.123194,-9.31735,-0.694129,-0.0510606
2.06954,0.125427,-9.31626,-0.693366,-0.0521033
2.09022,0.12768,-9.31514,-0.693094,-0.0534597
2.11089,0.129955,-9.31399,-0.693918,-0.0521724
2.13158,0.132257,-9.31287,-0.693201,-0.0531421
2.15224,0.134579,-9.31173,-0.694045,-0.0517737
2.17293,0.136928,-9.31062,-0.693309,-0.0527643
2.1936,0.139297,-9.30949,-0.694183,-0.0513975
2.21428,0.141693,-9.30838,-0.693424,-0.0524262
2.23494,0.144109,-9.30726,-0.693155,-0.0537697
2.2556,0.146547,-9.3061,-0.693975,-0.0524562
2.27627,0.149012,-9.30497,-0.693258,-0.0534165
2.29692,0.151498,-9.30383,-0.694099,-0.0520241
2.31759,0.15401,-9.30271,-0.693363,-0.0530082
2.33823,0.156543,-9.30157,-0.694234,-0.0516194
2.3589,0.159102,-9.30046,-0.693475,-0.0526441
2.37955,0.161682,-9.29933,-0.693207,-0.0539853
2.40018,0.164284,-9.29817,-0.694026,-0.0526517
2.42083,0.166913,-9.29704,-0.693308,-0.0536117
2.44146,0.169563,-9.29589,-0.694146,-0.0522009
2.46212,0.172239,-9.29477,-0.69341,-0.053187
2.48274,0.174936,-9.29363,-0.694279,-0.0517808
2.50339,0.17766,-9.29252,-0.693519,-0.0528099
2.52402,0.180403,-9.29138,-0.69325,-0.0541573
2.54463,0.18317,-9.29022,-0.69407,-0.0528077
2.56526,0.185963,-9.28909,-0.693349,-0.0537748
2.58587,0.188777,-9.28793,-0.694189,-0.0523487
2.6065,0.191618,-9.28681,-0.693449,-0.0533437
2.62711,0.194479,-9.28566,-0.694321,-0.051923
2.64774,0.197367,-9.28455,-0.693558,-0.0529628
2.66834,0.200276,-9.28341,-0.693286,-0.0543233
2.68893,0.203206,-9.28224,-0.694109,-0.0529601
2.70954,0.206164,-9.2811,-0.693384,-0.0539398
2.73013,0.209142,-9.27995,-0.694228,-0.0525002
2.75074,0.212148,-9.27882,-0.693484,-0.0535095
2.77132,0.215174,-9.27767,-0.69436,-0.0520755
2.79193,0.218227,-9.27655,-0.693592,-0.0531311
2.81251,0.2213,-9.27541,-0.693317,-0.0545102
2.83307,0.224396,-9.27424,-0.694145,-0.0531343
2.85366,0.227519,-9.2731,-0.693415,-0.0541313
2.87423,0.230662,-9.27194,-0.694265,-0.0526782
2.89481,0.233833,-9.2708,-0.693516,-0.0537061
2.91537,0.237024,-9.26965,-0.694401,-0.0522586
2.93595,0.240243,-9.26853,-0.693626,-0.0533341
2.95651,0.243481,-9.26738,-0.693346,-0.0547366
2.97705,0.246741,-9.26621,-0.694181,-0.0533475
2.99762,0.25003,-9.26506,-0.693446,-0.0543653
3.01815,0.253338,-9.26389,-0.694306,-0.052898
3.03871,0.256675,-9.26276,-0.693549,-0.0539478
3.05925,0.260031,-9.2616,-0.694447,-0.0524856
3.07981,0.263416,-9.26047,-0.693663,-0.0535843
3.10034,0.26682,-9.25932,-0.693375,-0.0550142
3.12085,0.270246,-9.25814,-0.69422,-0.0536106
3.14139,0.2737,-9.25699,-0.693478,-0.0546521
3.1619,0.277175,-9.25581,-0.694352,-0.0531687
3.18244,0.280678,-9.25467,-0.693585,-0.0542433
3.20294,0.2842,-9.2535,-0.694502,-0.0527642
3.22347,0.287751,-9.25237,-0.693705,-0.0538891
3.24398,0.291321,-9.25121,-0.693407,-0.05535
3.26447,0.294914,-9.25002,-0.694267,-0.0539298
3.28498,0.298535,-9.24887,-0.693515,-0.0549976
3.30546,0.302176,-9.24769,-0.694408,-0.0534955
3.32597,0.305846,-9.24654,-0.693629,-0.0545974
3.34645,0.309536,-9.24536,-0.693348,-0.0560336
3.36691,0.313248,-9.24416,-0.694195,-0.0545875
3.3874,0.316989,-9.24299,-0.693452,-0.0556363
3.40786,0.32075,-9.24179,-0.694326,-0.0541116
3.42834,0.32454,-9.24063,-0.69356,-0.0551971
3.4488,0.32835,-9.23944,-0.694476,-0.0536778
3.46928,0.332189,-9.23829,-0.693681,-0.0548172
3.48973,0.336048,-9.23711,-0.693386,-0.0562977
3.51016,0.339929,-9.2359,-0.694252,-0.0548383
3.53062,0.343839,-9.23473,-0.693496,-0.0559248
3.55105,0.347769,-9.23352,-0.694395,-0.0543835
3.5715,0.351729,-9.23236,-0.693613,-0.0555073
3.59193,0.355708,-9.23116,-0.693332,-0.0569714
3.61234,0.359711,-9.22994,-0.694187,-0.055487
3.63277,0.363743,-9.22875,-0.693438,-0.0565613
3.65317,0.367794,-9.22753,-0.694323,-0.0549975
3.6736,0.371876,-9.22635,-0.693551,-0.0561114
3.694,0.375978,-9.22515,-0.694481,-0.0545531
3.71442,0.38011,-9.22397,-0.693677,-0.0557242
3.73481,0.38426,-9.22278,-0.693378,-0.0572437
3.75519,0.388434,-9.22155,-0.694258,-0.055746
3.77559,0.392637,-9.22035,-0.693494,-0.0568668
3.79596,0.396861,-9.21913,-0.694411,-0.0552854
3.81635,0.401115,-9.21794,-0.693617,-0.0564463
3.83672,0.405388,-9.21673,-0.693329,-0.057956
3.85707,0.409685,-9.21548,-0.694203,-0.0564319
3.87744,0.414012,-9.21427,-0.693443,-0.0575456
3.89778,0.418359,-9.21304,-0.694351,-0.0559395
3.91815,0.422736,-9.21183,-0.693564,-0.0570955
3.93849,0.427134,-9.21061,-0.693284,-0.0586017
3.95881,0.431554,-9.20935,-0.694154,-0.0570537
3.97915,0.436006,-9.20812,-0.693396,-0.0581659
3.99947,0.440477,-9.20687,-0.694298,-0.0565374
4.01981,0.44498,-9.20566,-0.693515,-0.057694
4.04011,0.449503,-9.20442,-0.694467,-0.0560711
4.06044,0.454057,-9.20321,-0.693652,-0.05729
4.08074,0.45863,-9.20198,-0.693346,-0.0588695
4.10103,0.463226,-9.20072,-0.694251,-0.0573082
4.12134,0.467853,-9.19949,-0.693472,-0.0584812
4.14162,0.472501,-9.19823,-0.694419,-0.0568331
4.16192,0.47718,-9.19701,-0.693608,-0.0580508
4.18219,0.481879,-9.19576,-0.693309,-0.059631
4.20244,0.4866,-9.19448,-0.694213,-0.0580412
4.22272,0.491354,-9.19324,-0.693435,-0.0592153
4.24297,0.496128,-9.19196,-0.694381,-0.0575392
4.26324,0.500934,-9.19073,-0.693572,-0.0587602
4.28348,0.50576,-9.18947,-0.693277,-0.0603467
4.3037,0.510609,-9.18817,-0.694183,-0.0587298
4.32395,0.515491,-9.18691,-0.693405,-0.0599099
4.34416,0.520392,-9.18562,-0.694353,-0.058207
4.3644,0.525327,-9.18437,-0.693543,-0.059436
4.38461,0.530281,-9.18309,-0.69325,-0.0610341
4.4048,0.535258,-9.18178,-0.69416,-0.0593911
4.42502,0.540269,-9.18051,-0.693379,-0.0605815
4.4452,0.5453,-9.17921,-0.694332,-0.0588524
4.4654,0.550364,-9.17794,-0.69352,-0.0600938
4.48558,0.555447,-9.17665,-0.693227,-0.0617083
4.50574,0.560555,-9.17533,-0.694144,-0.0600396
4.52592,0.565696,-9.17404,-0.693359,-0.0612445
4.54607,0.570857,-9.17272,-0.69432,-0.0594891
4.56624,0.576052,-9.17144,-0.693504,-0.0607467
4.58638,0.581266,-9.17014,-0.693209,-0.0623822
4.60651,0.586505,-9.1688,-0.694135,-0.0606877
4.62665,0.591777,-9.16749,-0.693345,-0.0619106
4.64677,0.59707,-9.16616,-0.694316,-0.0601283
4.66691,0.602397,-9.16487,-0.693494,-0.0614058
4.68701,0.607744,-9.16355,-0.693196,-0.0630665
4.7071,0.613114,-9.1622,-0.694133,-0.0613456
4.72721,0.61852,-9.16088,-0.693337,-0.0625899
4.74729,0.623945,-9.15954,-0.694323,-0.0607795
4.76739,0.629406,-9.15823,-0.693493,-0.0620801
4.78746,0.634886,-9.1569,-0.693189,-0.0637701
4.80752,0.64039,-9.15553,-0.694141,-0.0620215
4.82759,0.64593,-9.15419,-0.693337,-0.0632902
4.84763,0.651489,-9.15283,-0.694342,-0.0614501
4.8677,0.657085,-9.15151,-0.693502,-0.062777
4.88773,0.662699,-9.15017,-0.693189,-0.0645001
4.90775,0.668339,-9.14878,-0.69416,-0.0627222
4.92779,0.674013,-9.14743,-0.693346,-0.0640184
4.94779,0.679709,-9.14606,-0.694375,-0.0621461
4.96782,0.68544,-9.14472,-0.693522,-0.0635024
4.98781,0.691191,-9.14336,-0.693199,-0.0652625
5.00779,0.696966,-9.14196,-0.694193,-0.0634531
5.02779,0.702778,-9.14059,-0.693366,-0.0647794
5.04776,0.70861,-9.1392,-0.693074,-0.0664887
5.06771,0.714468,-9.13777,-0.694036,-0.064638
5.08768,0.720362,-9.13638,-0.693228,-0.0659197
5.10761,0.726277,-9.13497,-0.694242,-0.0639778
5.12757,0.732228,-9.13359,-0.6934,-0.0653249
5.1475,0.7382,-9.13219,-0.693094,-0.0670815
5.16741,0.744198,-9.13075,-0.694081,-0.0652049
5.18734,0.750232,-9.12935,-0.693258,-0.0665299
5.20723,0.756287,-9.12792,-0.694306,-0.0645584
5.22715,0.76238,-9.12653,-0.693445,-0.0659507
5.24704,0.768493,-9.12512,-0.693122,-0.067762
5.2669,0.774631,-9.12366,-0.694142,-0.0658559
5.28679,0.780808,-9.12224,-0.693302,-0.0672259
5.30665,0.787005,-9.1208,-0.693006,-0.0689948
5.32648,0.793227,-9.11932,-0.693998,-0.067047
5.34634,0.799489,-9.11788,-0.693174,-0.0683791
5.36616,0.805771,-9.11641,-0.694224,-0.0663368
5.38601,0.812092,-9.11498,-0.693363,-0.0677411
5.40582,0.818433,-9.11353,-0.693047,-0.0695734
5.42561,0.824801,-9.11204,-0.694074,-0.0675986
5.44542,0.831207,-9.11058,-0.693231,-0.0689872
5.4652,0.837634,-9.1091,-0.692938,-0.0707839
5.48496,0.844088,-9.10758,-0.693942,-0.0687681
5.50474,0.850582,-9.1061,-0.693111,-0.0701242
5.52449,0.857096,-9.1046,-0.694176,-0.0680133
5.54425,0.863651,-9.10313,-0.693308,-0.0694466
5.56399,0.870226,-9.10164,-0.692991,-0.071319
5.5837,0.876828,-9.10011,-0.694037,-0.0692771
5.60343,0.883469,-9.09862,-0.693184,-0.0707
5.62313,0.890132,-9.0971,-0.692887,-0.0725426
5.64281,0.896822,-9.09555,-0.693914,-0.070459
5.66251,0.903553,-9.09403,-0.693071,-0.0718539
5.68218,0.910305,-9.09249,-0.694162,-0.0696724
5.70186,0.917098,-9.09099,-0.693281,-0.0711494
5.72152,0.923912,-9.08946,-0.692956,-0.0730791
5.74115,0.930753,-9.08789,-0.694033,-0.0709679
5.7608,0.937636,-9.08637,-0.693165,-0.0724387
5.78041,0.944539,-9.08481,-0.692859,-0.074343
5.80001,0.95147,-9.08322,-0.693918,-0.0721885
5.81962,0.958443,-9.08166,-0.693059,-0.0736349
5.8392,0.965438,-9.08008,-0.693149,-0.0714074
5.85877,0.972465,-9.07855,-0.693271,-0.0729252
5.87834,0.979523,-9.07698,-0.69295,-0.0749172
5.89788,0.986608,-9.07538,-0.694071,-0.0727282
5.91745,0.993736,-9.07381,-0.693183,-0.0742584
5.93697,1.00089,-9.07222,-0.69286,-0.0762392
5.95648,1.00806,-9.07058,-0.693965,-0.0740065
5.97601,1.01528,-9.06899,-0.693085,-0.0755156
5.9955,1.02253,-9.06737,-0.692776,-0.0774765
6.01497,1.0298,-9.0657,-0.69387,-0.0751994
6.03446,1.03711,-9.06409,-0.692995,-0.0766924
6.05391,1.04445,-9.06244,-0.693068,-0.0743436
6.07335,1.05182,-9.06084,-0.693229,-0.0759137
6.09279,1.05922,-9.05921,-0.6929,-0.0779813
6.1122,1.06665,-9.05754,-0.69303,-0.0757006
6.1316,1.07412,-9.05591,-0.69314,-0.0772772
6.151,1.08162,-9.05425,-0.692823,-0.079333
6.17037,1.08914,-9.05255,-0.693983,-0.0769718
6.18977,1.09671,-9.05089,-0.693079,-0.0785509
6.20912,1.10431,-9.04921,-0.692753,-0.080606
6.22846,1.11193,-9.04747,-0.693907,-0.0782002
6.24781,1.1196,-9.04579,-0.693005,-0.0797705
6.26712,1.12729,-9.04408,-0.692689,-0.0818198
6.28642,1.13501,-9.04232,-0.693838,-0.079369
6.30573,1.14278,-9.04062,-0.692938,-0.0809349
6.325,1.15057,-9.03888,-0.69263,-0.0829839
6.34425,1.15839,-9.0371,-0.693776,-0.0804897
6.36352,1.16626,-9.03537,-0.692877,-0.0820559
6.38275,1.17415,-9.0336,-0.692574,-0.0841097
6.40196,1.18208,-9.0318,-0.693721,-0.0815734
6.42118,1.19005,-9.03004,-0.69282,-0.0831442
6.44037,1.19804,-9.02826,-0.692902,-0.0805403
6.45954,1.20607,-9.02653,-0.693088,-0.0822014
6.47871,1.21413,-9.02476,-0.692754,-0.0844057
6.49785,1.22222,-9.02295,-0.692866,-0.0818765
6.51698,1.23035,-9.02119,-0.693037,-0.0835629
6.5361,1.23852,-9.0194,-0.692708,-0.0857765
6.5552,1.24671,-9.01755,-0.692834,-0.083196
6.57429,1.25495,-9.01577,-0.692995,-0.0848844
6.59336,1.26321,-9.01394,-0.692669,-0.0871064
6.61241,1.27151,-9.01207,-0.692805,-0.0844744
6.63145,1.27985,-9.01026,-0.692962,-0.0861687
6.65048,1.28822,-9.00841,-0.692636,-0.0884038
6.66948,1.29663,-9.00651,-0.692777,-0.0857213
6.68847,1.30507,-9.00467,-0.692936,-0.0874253
6.70745,1.31355,-9.00279,-0.692611,-0.0896781
6.72641,1.32206,-9.00086,-0.692751,-0.0869455
6.74535,1.33061,-8.99899,-0.692918,-0.0886629
6.76428,1.33919,-8.99709,-0.692592,-0.0909376
6.78319,1.34781,-8.99514,-0.692726,-0.0881552
6.80208,1.35647,-8.99324,-0.692909,-0.0898892
6.82097,1.36516,-8.99131,-0.692581,-0.0921901
6.83982,1.37389,-8.98933,-0.692703,-0.0893578
6.85866,1.38265,-8.98741,-0.692909,-0.0911116
6.87749,1.39146,-8.98545,-0.692577,-0.0934427
6.8963,1.40029,-8.98345,-0.692681,-0.09056
6.91509,1.40917,-8.9815,-0.692918,-0.0923365
6.93387,1.41809,-8.97952,-0.692581,-0.0947016
6.95262,1.42704,-8.97748,-0.69229,-0.0970639
6.97134,1.43602,-8.9754,-0.693565,-0.0940356
6.99008,1.44506,-8.97337,-0.692611,-0.0957463
7.00878,1.45412,-8.97132,-0.690918,-0.103152
7.02741,1.4632,-8.9691,-0.693297,-0.0960702
7.04609,1.47235,-8.96704,-0.691166,-0.101859
7.06469,1.48152,-8.96485,-0.691595,-0.104327
7.08328,1.49073,-8.96261,-0.692769,-0.101142
7.10189,1.49999,-8.96044,-0.691819,-0.102575
7.12044,1.50929,-8.95824,-0.691593,-0.104529
7.13897,1.51862,-8.95599,-0.692773,-0.10122
7.15751,1.52801,-8.95382,-0.691812,-0.102714
7.17601,1.53743,-8.95161,-0.691577,-0.10476
7.19448,1.54688,-8.94936,-0.692772,-0.101444
7.21295,1.5564,-8.94718,-0.691802,-0.103024
7.23139,1.56594,-8.94497,-0.691559,-0.105166
7.24979,1.57551,-8.94271,-0.69277,-0.101839
7.26821,1.58515,-8.94052,-0.691793,-0.103502
7.28657,1.59481,-8.9383,-0.691541,-0.105741
7.30491,1.60451,-8.93603,-0.691317,-0.107986
7.32322,1.61425,-8.93371,-0.692532,-0.104592
7.34154,1.62404,-8.93146,-0.691538,-0.106236
7.35982,1.63387,-8.92918,-0.691297,-0.108449
7.37806,1.64373,-8.92685,-0.69253,-0.105015
7.39631,1.65365,-8.9246,-0.691529,-0.106746
7.41452,1.6636,-8.9223,-0.69128,-0.109065
7.43269,1.67359,-8.91996,-0.692535,-0.105612
7.45088,1.68364,-8.91769,-0.691527,-0.107435
7.46901,1.69371,-8.91539,-0.691269,-0.10986
7.48712,1.70383,-8.91303,-0.691039,-0.112294
7.50519,1.71398,-8.91062,-0.692303,-0.108761
7.52328,1.72419,-8.90828,-0.69128,-0.110567
7.54131,1.73443,-8.90591,-0.691033,-0.112973
7.55931,1.74471,-8.90348,-0.69232,-0.109389
7.57732,1.75506,-8.90113,-0.691293,-0.111289
7.59528,1.76543,-8.89874,-0.691035,-0.11381
7.61321,1.77584,-8.8963,-0.690806,-0.116344
7.63111,1.78629,-8.8938,-0.692106,-0.112674
7.64901,1.7968,-8.89138,-0.691064,-0.114564
7.66686,1.80734,-8.88892,-0.690815,-0.117076
7.68468,1.81792,-8.88641,-0.692143,-0.113351
7.70251,1.82857,-8.88397,-0.691096,-0.115343
7.72029,1.83924,-8.88149,-0.690836,-0.11798
7.73803,1.84996,-8.87896,-0.690606,-0.120633
7.75573,1.86071,-8.87637,-0.69195,-0.116814
7.77345,1.87154,-8.87386,-0.69089,-0.118802
7.79111,1.88239,-8.87131,-0.690637,-0.121438
7.80873,1.89328,-8.8687,-0.690412,-0.124093
7.82633,1.90421,-8.86604,-0.691775,-0.120151
7.84392,1.91521,-8.86346,-0.690699,-0.122142
7.86147,1.92624,-8.86083,-0.690453,-0.12479
7.87897,1.93731,-8.85816,-0.691848,-0.12079
7.89648,1.94845,-8.85556,-0.69077,-0.1229
7.91394,1.95962,-8.85292,-0.69051,-0.125694
7.93136,1.97083,-8.85022,-0.69028,-0.12851
7.94874,1.98209,-8.84746,-0.691698,-0.124407
7.96613,1.99341,-8.84479,-0.690608,-0.126528
7.98346,2.00477,-8.84207,-0.690352,-0.129341
8.00075,2.01616,-8.83929,-0.690126,-0.132178
8.01801,2.02761,-8.83645,-0.691569,-0.12794
8.03527,2.03912,-8.8337,-0.690466,-0.130077
8.05247,2.05066,-8.83091,-0.690213,-0.13292
8.06963,2.06225,-8.82806,-0.689989,-0.13579
8.08675,2.07388,-8.82514,-0.69146,-0.131417
8.10387,2.08559,-8.82231,-0.690343,-0.133581
8.12094,2.09732,-8.81944,-0.690092,-0.136466
8.13796,2.1091,-8.81651,-0.68987,-0.139381
8.15495,2.12093,-8.81352,-0.69137,-0.134872
8.17193,2.13283,-8.81062,-0.690241,-0.137072
8.18886,2.14477,-8.80767,-0.68999,-0.140011
8.20574,2.15675,-8.80467,-0.689768,-0.142981
8.22258,2.16877,-8.8016,-0.691301,-0.138334
8.23942,2.18087,-8.79862,-0.69016,-0.140579
8.25619,2.19301,-8.7956,-0.689908,-0.143582
8.27293,2.20519,-8.79251,-0.689686,-0.146618
8.28962,2.21742,-8.78936,-0.691255,-0.141829
8.30631,2.22972,-8.78631,-0.690104,-0.144126
8.32293,2.24206,-8.78321,-0.68985,-0.147202
8.33952,2.25445,-8.78005,-0.689627,-0.150315
8.35605,2.26688,-8.77682,-0.691237,-0.145377
8.37258,2.2794,-8.77369,-0.690077,-0.147734
8.38905,2.29194,-8.77051,-0.689818,-0.150893
8.40547,2.30454,-8.76727,-0.689594,-0.154091
8.42185,2.31718,-8.76396,-0.689382,-0.157186
8.43818,2.32988,-8.76058,-0.691023,-0.15201
8.4545,2.34265,-8.7573,-0.68984,-0.154308
8.47075,2.35546,-8.75398,-0.689593,-0.157433
8.48696,2.36832,-8.7506,-0.689377,-0.160606
8.50311,2.38123,-8.74714,-0.691066,-0.155263
8.51927,2.39423,-8.7438,-0.689876,-0.157663
8.53535,2.40726,-8.74041,-0.68962,-0.16091
8.55138,2.42034,-8.73695,-0.6894,-0.164205
8.56736,2.43347,-8.73341,-0.689192,-0.1674
8.58328,2.44665,-8.72981,-0.690922,-0.161888
8.5992,2.45993,-8.72632,-0.689711,-0.164195
8.61505,2.47323,-8.72279,-0.689462,-0.167431
8.63084,2.48659,-8.71918,-0.689247,-0.170733
8.64658,2.5,-8.71551,-0.689045,-0.173941
8.66227,2.51346,-8.71176,-0.690819,-0.168259
8.67795,2.52702,-8.70813,-0.689588,-0.170497
8.69354,2.54061,-8.70446,-0.689343,-0.17375
8.70909,2.55425,-8.70072,-0.689132,-0.177087
8.72458,2.56794,-8.6969,-0.688933,-0.180335
8.74001,2.58169,-8.69302,-0.690758,-0.174471
8.75542,2.59554,-8.68925,-0.68951,-0.176671
8.77076,2.60942,-8.68545,-0.689265,-0.179969
8.78604,2.62335,-8.68157,-0.689056,-0.183365
8.80126,2.63734,-8.67762,-0.688859,-0.186676
8.81642,2.65138,-8.67359,-0.690743,-0.180617
8.83157,2.66552,-8.66969,-0.68948,-0.182805
8.84663,2.6797,-8.66575,-0.689233,-0.186171
8.86163,2.69393,-8.66173,-0.689025,-0.189649
8.87657,2.70822,-8.65764,-0.688829,-0.193044
8.89145,2.72256,-8.65348,-0.688641,-0.196321
8.90626,2.73696,-8.64924,-0.690581,-0.19007
8.92105,2.75147,-8.64513,-0.689289,-0.192052
8.93576,2.766,-8.64099,-0.689051,-0.195373
8.9504,2.7806,-8.63677,-0.688852,-0.19884
8.96497,2.79525,-8.63248,-0.688663,-0.202232
8.97948,2.80996,-8.62811,-0.688481,-0.205512
8.99392,2.82473,-8.62367,-0.690486,-0.199049
9.00834,2.8396,-8.61937,-0.689168,-0.200888
9.02266,2.85451,-8.61502,-0.688934,-0.204213
9.03692,2.86948,-8.61061,-0.68874,-0.207711
9.0511,2.8845,-8.60612,-0.688556,-0.211142
9.06521,2.89958,-8.60156,-0.688379,-0.214463
9.07925,2.91473,-8.59692,-0.690458,-0.207767
9.09326,2.92998,-8.59242,-0.68912,-0.20951
9.10718,2.94527,-8.58789,-0.688887,-0.212878
9.12102,2.96062,-8.58328,-0.688696,-0.216443
9.13479,2.97602,-8.5786,-0.688517,-0.219944
9.14848,2.99149,-8.57384,-0.688345,-0.223336
9.1621,3.00702,-8.569,-0.689399,-0.21655
9.17566,3.02263,-8.56431,-0.688114,-0.21821
9.18912,3.03828,-8.55959,-0.6889,-0.221552
9.20252,3.05402,-8.55479,-0.688737,-0.225172
9.21584,3.06981,-8.54991,-0.688562,-0.228759
9.22909,3.08566,-8.54496,-0.688394,-0.232242
9.24225,3.10158,-8.53992,-0.688233,-0.235611
9.25532,3.11755,-8.53481,-0.688078,-0.238868
9.26832,3.13359,-8.52963,-0.689244,-0.231517
9.28125,3.14973,-8.5246,-0.687904,-0.232999
9.29407,3.1659,-8.51955,-0.688694,-0.236239
9.30683,3.18215,-8.51443,-0.688547,-0.239775
9.31951,3.19846,-8.50922,-0.688386,-0.243287
9.33209,3.21484,-8.50394,-0.688232,-0.246701
9.34458,3.23127,-8.49858,-0.688083,-0.250006
9.35699,3.24777,-8.49314,-0.687939,-0.253203
9.3693,3.26434,-8.48764,-0.68915,-0.245316
9.38154,3.281,-8.4823,-0.687769,-0.246694
9.39367,3.29769,-8.47694,-0.688633,-0.249891
9.40572,3.31447,-8.47151,-0.688501,-0.253407
9.41768,3.33131,-8.46599,-0.688351,-0.256907
9.42954,3.34821,-8.4604,-0.688208,-0.26031
9.44131,3.36518,-8.45473,-0.68807,-0.263606
9.45298,3.3822,-8.44899,-0.687937,-0.266795
9.46455,3.3993,-8.44317,-0.687807,-0.269882
9.47601,3.41645,-8.43729,-0.689068,-0.261383
9.4874,3.4337,-8.43159,-0.687641,-0.262586
9.49866,3.45099,-8.42587,-0.687549,-0.26581
9.50983,3.46833,-8.42008,-0.688453,-0.269183
9.5209,3.48576,-8.41421,-0.688345,-0.272586
9.53188,3.50326,-8.40826,-0.688217,-0.275924
9.54274,3.52081,-8.40223,-0.688093,-0.27916
9.5535,3.53843,-8.39613,-0.685349,-0.295237
9.56411,3.55604,-8.38968,-0.686735,-0.298875
9.57463,3.57376,-8.38314,-0.686656,-0.30117
9.58503,3.59154,-8.37654,-0.68922,-0.2925
9.59535,3.60946,-8.37012,-0.687571,-0.291909
9.60553,3.6274,-8.36373,-0.687413,-0.29395
9.61559,3.6454,-8.3573,-0.687294,-0.296496
9.62554,3.66346,-8.3508,-0.687179,-0.299067
9.63536,3.68158,-8.34425,-0.687066,-0.301577
9.64507,3.69977,-8.33764,-0.686953,-0.304011
9.65465,3.71801,-8.33098,-0.686841,-0.30637
9.66411,3.73632,-8.32426,-0.686729,-0.308654
9.67345,3.75468,-8.31748,-0.686617,-0.310867
9.68265,3.77311,-8.31066,-0.686504,-0.313011
9.69174,3.79159,-8.30379,-0.686391,-0.315088
9.70069,3.81014,-8.29687,-0.686278,-0.317099
9.70951,3.82874,-8.2899,-0.688968,-0.307801
9.71824,3.84747,-8.28313,-0.687225,-0.30702
9.72682,3.86622,-8.27639,-0.687055,-0.30915
9.73527,3.88502,-8.26961,-0.68693,-0.311721
9.74359,3.90387,-8.26276,-0.686811,-0.314297
9.75178,3.92278,-8.25585,-0.686695,-0.316799
9.75984,3.94174,-8.24889,-0.686581,-0.319216
9.76776,3.96075,-8.24187,-0.68647,-0.321547
9.77555,3.97982,-8.2348,-0.68636,-0.323794
9.7832,3.99893,-8.22768,-0.686251,-0.325958
9.79072,4.0181,-8.2205,-0.686144,-0.328042
9.7981,4.03732,-8.21328,-0.686037,-0.330046
9.80533,4.05658,-8.20601,-0.685932,-0.331973
9.81243,4.0759,-8.1987,-0.685826,-0.333825
9.81938,4.09526,-8.19134,-0.685721,-0.335603
9.82619,4.11468,-8.18395,-0.685616,-0.337308
9.83286,4.13413,-8.17651,-0.685511,-0.338942
9.83937,4.15364,-8.16903,-0.688367,-0.328974
9.84577,4.17327,-8.16177,-0.686539,-0.327615
9.85201,4.1929,-8.15455,-0.686375,-0.329376
9.85811,4.21257,-8.14729,-0.686262,-0.331589
9.86406,4.23228,-8.13999,-0.686154,-0.333797
9.86987,4.25203,-8.13263,-0.686051,-0.335921
9.87553,4.27181,-8.12522,-0.68595,-0.337958
9.88104,4.29164,-8.11776,-0.685852,-0.339931
9.88641,4.3115,-8.11026,-0.685756,-0.341845
9.89162,4.33141,-8.10271,-0.685663,-0.343697
9.89669,4.35134,-8.09513,-0.685571,-0.345489
9.9016,4.37131,-8.08749,-0.685481,-0.347223
9.90636,4.39132,-8.07982,-0.685392,-0.3489
9.91096,4.41136,-8.07211,-0.685304,-0.350522
9.91541,4.43143,-8.06436,-0.685216,-0.35209
9.9197,4.45154,-8.05657,-0.685128,-0.353607
9.92384,4.47167,-8.04875,-0.68504,-0.355078
9.92782,4.49183,-8.0409,-0.684952,-0.356504
9.93163,4.51202,-8.03301,-0.684863,-0.357892
9.93529,4.53224,-8.02509,-0.687835,-0.346807
9.93881,4.55257,-8.0174,-0.68596,-0.344566
9.94215,4.57288,-8.00978,-0.685802,-0.346177
9.94535,4.5932,-8.00213,-0.685698,-0.34826
9.94838,4.61355,-7.99443,-0.685599,-0.350374
9.95126,4.63391,-7.98668,-0.685503,-0.352455
9.95398,4.6543,-7.97889,-0.685408,-0.354497
9.95655,4.6747,-7.97104,-0.685314,-0.356511
9.95895,4.69512,-7.96315,-0.685221,-0.358599
9.96119,4.71555,-7.9552,-0.685129,-0.360942
9.96326,4.736,-7.94721,-0.685037,-0.363436
9.96518,4.75646,-7.93915,-0.684946,-0.365984
9.96692,4.77694,-7.93103,-0.684854,-0.368582
9.96851,4.79742,-7.92285,-0.68476,-0.371241
9.96992,4.81792,-7.9146,-0.684664,-0.373981
9.97116,4.83842,-7.90629,-0.684566,-0.376818
9.97224,4.85893,-7.89791,-0.684464,-0.304304
9.97314,4.87944,-7.89127,-0.684675,-0.0876687
9.97391,4.89997,-7.88941,-0.686347,-0.0860925
9.97463,4.92055,-7.88757,-0.686107,-0.00336121
9.97533,4.94112,-7.8875,-0.686046,-0.00582415
9.97602,4.96169,-7.88738,-0.687155,-0.00823899
9.9767,4.98229,-7.8872,-0.687352,-0.0105072
9.97739,5.0029,-7.88698,-0.68758,-0.0126099
9.97807,5.02352,-7.88671,-0.687842,-0.014549
9.97874,5.04414,-7.8864,-0.688461,-0.0163309
9.97941,5.06478,-7.88605,-0.688687,-0.0179635
9.98008,5.08543,-7.88567,-0.68894,-0.0194532
9.98073,5.10609,-7.88526,-0.689217,-0.0208069
9.98138,5.12676,-7.88481,-0.689768,-0.0220313
9.98202,5.14744,-7.88434,-0.690012,-0.0231335
9.98264,5.16813,-7.88385,-0.690275,-0.0241193
9.98326,5.18883,-7.88333,-0.69082,-0.0249948
9.98387,5.20955,-7.8828,-0.691047,-0.0257661
9.98447,5.23027,-7.88225,-0.691292,-0.0264387
9.98505,5.251,-7.88168,-0.69183,-0.027018
9.98563,5.27175,-7.88111,-0.692037,-0.0275095
9.98619,5.2925,-7.88052,-0.692263,-0.027918
9.98674,5.31326,-7.87992,-0.692793,-0.0282483
9.98728,5.33404,-7.87931,-0.692977,-0.0285054
9.98781,5.35482,-7.8787,-0.69318,-0.0286936
9.98832,5.37561,-7.87809,-0.693702,-0.0288171
9.98882,5.39641,-7.87747,-0.693861,-0.0288802
9.98931,5.41722,-7.87685,-0.694041,-0.0288867
9.98979,5.43804,-7.87623,-0.694238,-0.0288406
9.99025,5.45886,-7.87561,-0.694685,-0.0287454
9.9907,5.4797,-7.87499,-0.694844,-0.0286045
9.99114,5.50054,-7.87438,-0.695017,-0.0284214
9.99157,5.52138,-7.87377,-0.695454,-0.0281992
9.99198,5.54224,-7.87316,-0.695587,-0.0279408
9.99238,5.56311,-7.87256,-0.695736,-0.0276492
9.99277,5.58398,-7.87196,-0.696164,-0.0273272
9.99314,5.60486,-7.87137,-0.696272,-0.0269775
9.99351,5.62574,-7.87079,-0.696397,-0.0266026
9.99386,5.64663,-7.87022,-0.696817,-0.0262047
9.9942,5.66753,-7.86966,-0.696899,-0.0257864
9.99452,5.68844,-7.8691,-0.696999,-0.0253515
9.99484,5.70934,-7.86855,-0.697114,-0.0249021
9.99515,5.73026,-7.86802,-0.697468,-0.0244346
9.99544,5.75118,-7.86749,-0.697546,-0.0239523
9.99572,5.7721,-7.86697,-0.697639,-0.0234586
9.99599,5.79303,-7.86647,-0.697986,-0.0229554
9.99625,5.81397,-7.86597,-0.698041,-0.022444
9.99651,5.83491,-7.86549,-0.698111,-0.0219262
9.99675,5.85585,-7.86501,-0.698454,-0.0214032
9.99698,5.8768,-7.86455,-0.698485,-0.0208761
9.9972,5.89776,-7.8641,-0.698534,-0.0203464
9.99741,5.91871,-7.86366,-0.698596,-0.0198152
9.99761,5.93967,-7.86323,-0.698881,-0.0192835
9.99781,5.96063,-7.86281,-0.69891,-0.0187521
9.99799,5.9816,-7.86241,-0.698953,-0.0182221
9.99817,6.00257,-7.86201,-0.699235,-0.0176943
9.99834,6.02354,-7.86163,-0.699244,-0.0171694
9.9985,6.04452,-7.86126,-0.699269,-0.0166483
9.99865,6.0655,-7.8609,-0.69955,-0.0161317
9.9988,6.08648,-7.86055,-0.699539,-0.01562
9.99893,6.10747,-7.86021,-0.699545,-0.0151139
9.99907,6.12846,-7.85989,-0.699829,-0.0146141
9.99919,6.14945,-7.85957,-0.699799,-0.0141207
9.99931,6.17044,-7.85926,-0.699787,-0.0136345
9.99942,6.19144,-7.85897,-0.699792,-0.0131558
9.99952,6.21243,-7.85868,-0.700024,-0.0126849
9.99962,6.23343,-7.85841,-0.699998,-0.0122222
9.99971,6.25443,-7.85814,-0.699987,-0.0117678
9.9998,6.27543,-7.85789,-0.700223,-0.0113223
9.99988,6.29644,-7.85764,-0.700181,-0.0108855
9.99996,6.31744,-7.85741,-0.700155,-0.0104579
10,6.33845,-7.85718,-0.700295,-0.0100402
10.0001,6.35945,-7.85697,-0.700093,-0.00963249
10.0002,6.38046,-7.85676,-0.699996,-0.00923432
10.0002,6.40146,-7.85656,-0.699921,-0.00884561
10.0003,6.42245,-7.85637,-0.700071,-0.00846638
10.0003,6.44346,-7.85618,-0.699975,-0.00809661
10.0004,6.46446,-7.85601,-0.699899,-0.00773643
10.0004,6.48545,-7.85584,-0.700067,-0.00738587
10.0005,6.50646,-7.85568,-0.699969,-0.00704483
10.0005,6.52745,-7.85553,-0.699891,-0.00671341
10.0005,6.54845,-7.85538,-0.700078,-0.00639157
10.0005,6.56945,-7.85524,-0.699975,-0.00607918
10.0006,6.59045,-7.85511,-0.699895,-0.00577627
10.0006,6.61145,-7.85499,-0.699833,-0.00548278
10.0006,6.63244,-7.85487,-0.699991,-0.0051986
10.0006,6.65344,-7.85476,-0.699908,-0.00492359
10.0007,6.67444,-7.85465,-0.699844,-0.00465769
10.0007,6.69544,-7.85455,-0.700018,-0.0044008
10.0007,6.71644,-7.85445,-0.699931,-0.00415272
10.0007,6.73743,-7.85436,-0.699863,-0.00391339
10.0007,6.75843,-7.85428,-0.700054,-0.00368267
10.0007,6.77943,-7.8542,-0.699961,-0.00346035
10.0007,6.80043,-7.85412,-0.69989,-0.00324633
10.0007,6.82143,-7.85405,-0.700098,-0.00304048
10.0007,6.84243,-7.85399,-0.699999,-0.00284255
10.0007,6.86343,-7.85393,-0.699903,-0.0026525
10.0007,6.88443,-7.85387,-0.699839,-0.00247011
10.0007,6.90542,-7.85381,-0.700009,-0.0022952
10.0007,6.92642,-7.85376,-0.699924,-0.00212756
10.0007,6.94742,-7.85372,-0.699858,-0.00196704
10.0007,6.96842,-7.85368,-0.700044,-0.00181347
10.0007,6.98942,-7.85364,-0.699954,-0.00166664
10.0007,7.01042,-7.8536,-0.699884,-0.00152641
10.0007,7.03141,-7.85357,-0.700087,-0.0013926
10.0007,7.05242,-7.85354,-0.699991,-0.00126499
10.0007,7.07342,-7.85351,-0.699916,-0.00114344
10.0006,7.09441,-7.85349,-0.69986,-0.00102779
10.0006,7.11541,-7.85346,-0.700031,-0.000917849
10.0006,7.13641,-7.85344,-0.699953,-0.000813415
10.0006,7.15741,-7.85343,-0.699893,-0.000714341
10.0006,7.17841,-7.85341,-0.700078,-0.000620459
10.0006,7.19941,-7.8534,-0.699994,-0.000531572
10.0006,7.22041,-7.85339,-0.699929,-0.000447533
10.0006,7.24141,-7.85338,-0.70013,-0.000368189
10.0006,7.26241,-7.85337,-0.700039,-0.000293342
10.0005,7.28341,-7.85336,-0.699968,-0.000222816
10.0005,7.30441,-7.85336,-0.699916,-0.000156442
10.0005,7.32541,-7.85335,-0.700085,-9.43088e-05
10.0005,7.34641,-7.85335,-0.70001,-3.58844e-05
10.0005,7.36741,-7.85335,-0.699953,1.88091e-05
10.0005,7.38841,-7.85335,-0.700135,6.97206e-05
10.0005,7.40941,-7.85335,-0.700055,0.000117343
10.0004,7.43041,-7.85335,-0.699992,0.000161666
10.0004,7.45141,-7.85336,-0.700189,0.000202639
10.0004,7.47242,-7.85336,-0.700101,0.000240721
10.0004,7.49342,-7.85337,-0.700033,0.000275961
10.0004,7.51442,-7.85337,-0.700245,0.000308148
10.0004,7.53543,-7.85338,-0.700149,0.00033791
10.0004,7.55644,-7.85339,-0.700074,0.00036519
10.0004,7.57744,-7.8534,-0.700019,0.000390072
10.0003,7.59844,-7.8534,-0.700196,0.000412276
10.0003,7.61944,-7.85341,-0.700117,0.000432595
10.0003,7.64045,-7.85342,-0.700056,0.000450902
10.0003,7.66145,-7.85343,-0.700248,0.000466793
10.0003,7.68246,-7.85344,-0.700161,0.000481176
10.0003,7.70346,-7.85345,-0.700094,0.000493891
10.0003,7.72446,-7.85346,-0.700301,0.000504354
10.0003,7.74547,-7.85347,-0.700206,0.000513706
10.0003,7.76648,-7.85349,-0.700133,0.000521708
10.0002,7.78748,-7.8535,-0.700078,0.000528391
10.0002,7.80849,-7.85351,-0.70025,0.000532839
10.0002,7.82949,-7.85352,-0.700172,0.000536784
10.0002,7.8505,-7.85353,-0.700111,0.000539588
10.0002,7.8715,-7.85354,-0.700297,0.000540512
10.0002,7.89251,-7.85355,-0.700212,0.000540997
10.0002,7.91352,-7.85357,-0.700145,0.000540526
10.0002,7.93452,-7.85358,-0.700346,0.000538564
10.0002,7.95553,-7.85359,-0.700252,0.000536202
10.0002,7.97654,-7.8536,-0.70018,0.000533059
10.0002,7.99754,-7.85361,-0.700125,0.000529112
10.0001,8.01855,-7.85362,-0.700292,0.000524178
10.0001,8.03956,-7.85364,-0.700214,0.000518833
10.0001,8.06056,-7.85365,-0.700154,0.000512907
10.0001,8.08157,-7.85366,-0.700334,0.00050629
10.0001,8.10258,-7.85367,-0.70025,0.000499302
10.0001,8.12359,-7.85368,-0.700184,0.000491863
10.0001,8.14459,-7.85369,-0.700378,0.000483982
10.0001,8.1656,-7.8537,-0.700286,0.000475757
10.0001,8.18661,-7.85371,-0.700214,0.000467192
10.0001,8.20762,-7.85372,-0.700424,0.000458406
10.0001,8.22863,-7.85373,-0.700323,0.000449294
10.0001,8.24964,-7.85374,-0.700244,0.000439936
10.0001,8.27065,-7.85375,-0.700184,0.00043038
10.0001,8.29165,-7.85376,-0.700359,0.000420825
10.0001,8.31266,-7.85377,-0.700275,0.000410992
10.0001,8.33367,-7.85378,-0.70021,0.000401024
10.0001,8.35468,-7.85379,-0.700399,0.000391199
10,8.37569,-7.8538,-0.700307,0.000381112
10,8.3967,-7.8538,-0.700236,0.000370954
10,8.41771,-7.85381,-0.700441,0.000361062
10,8.43872,-7.85382,-0.700341,0.000350918
10,8.45973,-7.85383,-0.700263,0.000340756
10,8.48074,-7.85383,-0.700203,0.00033064
10,8.50174,-7.85384,-0.700373,0.000320877
10,8.52275,-7.85385,-0.70029,0.000310926
10,8.54376,-7.85386,-0.700225,0.000301019
10,8.56477,-7.85386,-0.70041,0.000291528
10,8.58578,-7.85387,-0.700319,0.000281855
10,8.60679,-7.85387,-0.700248,0.000272257
10,8.6278,-7.85388,-0.700448,0.000263134
10,8.64881,-7.85389,-0.70035,0.000253833
10,8.66982,-7.85389,-0.700272,0.000244631
10,8.69083,-7.8539,-0.700213,0.000235595
10,8.71184,-7.8539,-0.700379,0.000227037
10,8.73285,-7.85391,-0.700297,0.000218366
10,8.75386,-7.85391,-0.700233,0.000209824
10,8.77487,-7.85392,-0.700413,0.000201777
10,8.79588,-7.85392,-0.700322,0.000193616
10,8.81689,-7.85392,-0.700249,0.000185595
10,8.8379,-7.85393,-0.700443,0.000178087
10,8.85891,-7.85393,-0.700345,0.000170465
9.99999,8.87992,-7.85394,-0.700268,0.00016299
9.99999,8.90093,-7.85394,-0.700209,0.000155717
9.99999,8.92193,-7.85394,-0.70037,0.000148921
9.99999,8.94294,-7.85395,-0.700289,0.000142065
9.99999,8.96395,-7.85395,-0.700225,0.000135365
9.99999,8.98496,-7.85395,-0.700399,0.000129131
9.99999,9.00597,-7.85396,-0.700311,0.000122773
9.99999,9.02698,-7.85396,-0.700242,0.000116377
9.99999,9.04799,-7.85396,-0.700432,0.000110897
9.99999,9.069,-7.85396,-0.700336,0.000104745
9.99999,9.09001,-7.85396,-0.700261,0.00010153
9.99999,9.11102,-7.85397,-0.700467,9.79623e-05
9.99999,9.13203,-7.85397,-0.700364,9.82387e-05
9.99999,9.15304,-7.85397,-0.700282,0.000106545
9.99999,9.17405,-7.85397,-0.70022,0.000125075
9.99999,9.19506,-7.85398,-0.700391,0.000121482
9.99999,9.21607,-7.85398,-0.700305,0.000141032
9.99999,9.23708,-7.85398,-0.700238,0.000185506
9.99999,9.25809,-7.85399,-0.700422,0.000176341
9.99999,9.2791,-7.85399,-0.700329,0.000219759
9.99999,9.30011,-7.85399,-0.700255,0.000306692
9.99999,9.32112,-7.854,-0.700456,0.000282852
9.99999,9.34213,-7.85401,-0.700355,0.00036234
9.99999,9.36314,-7.85402,-0.700275,0.000511053
9.99999,9.38415,-7.85403,-0.700213,0.000719596
9.99999,9.40516,-7.85404,-0.70038,0.000635601
9.99999,9.42617,-7.85406,-0.700296,0.000813731
9.99999,9.44718,-7.85407,-0.700229,0.00112055
9.99999,9.46818,-7.8541,-0.70041,0.000963027
10,9.4892,-7.85412,-0.70032,0.00122419
10,9.51021,-7.85414,-0.700248,0.00166755
10,9.53121,-7.85418,-0.700434,0.00139944
10,9.55223,-7.85421,-0.70033,0.00176542
10,9.57324,-7.85425,-0.700246,0.00238127
10,9.59424,-7.8543,-0.700177,0.00308876
10,9.61525,-7.85437,-0.700331,0.00253732
10,9.63626,-7.85442,-0.700241,0.00291284
10,9.65727,-7.85449,-0.700165,0.00354894
10.0001,9.67827,-7.85456,-0.70033,0.00272685
10.0001,9.69928,-7.85462,-0.700231,0.00319376
10.0001,9.72029,-7.85469,-0.700148,0.00410497
10.0001,9.74129,-7.85478,-0.700323,0.00300165
10.0001,9.7623,-7.85485,-0.700215,0.00369768
10.0001,9.78331,-7.85493,-0.700122,0.00496962
10.0001,9.80431,-7.85503,-0.700042,0.00658051
10.0002,9.82531,-7.85518,-0.700176,0.00484664
10.0002,9.84632,-7.85528,-0.699788,-0.0542744
10.0002,9.86731,-7.8541,-0.700258,-0.16131
10.0002,9.88832,-7.85058,-0.700147,-0.154547
10.0002,9.90932,-7.84721,-0.699689,-0.211276
10,9.93031,-7.84257,-0.699371,-0.201097
9.99977,9.95129,-7.83816,-0.698477,-0.188786
9.99944,9.97225,-7.83403,-0.69891,-0.187083
9.99902,9.99321,-7.82994,-0.698389,-0.18651
9.99852,10.0142,-7.82586,-0.697565,-0.1753
9.99793,10.0351,-7.82204,-0.697894,-0.173449
9.99726,10.056,-7.81826,-0.697389,-0.17317
9.99651,10.0769,-7.81449,-0.697371,-0.165541
9.99569,10.0978,-7.81088,-0.696887,-0.164695
9.99479,10.1187,-7.8073,-0.696384,-0.164919
9.99381,10.1396,-7.80372,-0.696362,-0.15832
9.99276,10.1604,-7.80028,-0.695876,-0.158002
9.99164,10.1813,-7.79685,-0.695038,-0.150175
9.99045,10.2021,-7.79359,-0.695403,-0.151467
9.98919,10.2229,-7.79031,-0.694901,-0.152816
9.98787,10.2437,-7.787,-0.694915,-0.146939
9.98647,10.2645,-7.78382,-0.694441,-0.147435
9.98501,10.2853,-7.78063,-0.693951,-0.148898
9.98348,10.3061,-7.77741,-0.69397,-0.143311
9.98189,10.3268,-7.77431,-0.693504,-0.144104
9.98024,10.3476,-7.7712,-0.69264,-0.137907
9.97852,10.3683,-7.76823,-0.693106,-0.139644
9.97674,10.389,-7.76522,-0.692628,-0.141924
9.97489,10.4097,-7.76216,-0.692703,-0.136873
9.97299,10.4304,-7.7592,-0.69226,-0.138311
9.97102,10.4511,-7.75622,-0.691796,-0.140721
9.969,10.4717,-7.75319,-0.69188,-0.135896
9.96691,10.4924,-7.75027,-0.691452,-0.137544
9.96476,10.513,-7.74731,-0.690535,-0.132105
9.96256,10.5336,-7.74447,-0.691165,-0.134564
9.96029,10.5542,-7.74158,-0.690715,-0.137627
9.95797,10.5748,-7.73862,-0.689864,-0.13258
9.95558,10.5954,-7.73577,-0.690455,-0.13526
9.95314,10.6159,-7.73287,-0.690033,-0.138491
9.95064,10.6365,-7.72989,-0.689242,-0.133553
9.94808,10.657,-7.72703,-0.689803,-0.136393
9.94546,10.6775,-7.7241,-0.689406,-0.139725
9.94278,10.698,-7.7211,-0.689588,-0.135568
9.94004,10.7185,-7.71819,-0.689219,-0.137932
9.93724,10.739,-7.71523,-0.688266,-0.133158
9.93439,10.7595,-7.71238,-0.689094,-0.136196
9.93147,10.7799,-7.70946,-0.688694,-0.139933
9.92849,10.8004,-7.70646,-0.687792,-0.135442
9.92546,10.8208,-7.70356,-0.688598,-0.138632
9.92236,10.8412,-7.70059,-0.688223,-0.142436
9.91921,10.8616,-7.69754,-0.687366,-0.138671
9.916,10.882,-7.69457,-0.688155,-0.141334
9.91272,10.9024,-7.69154,-0.68744,-0.145338
9.90938,10.9227,-7.68843,-0.687224,-0.141251
9.90599,10.9431,-7.68541,-0.687604,-0.144111
9.90253,10.9634,-7.68232,-0.686582,-0.148462
9.89901,10.9837,-7.67915,-0.68728,-0.143873
9.89542,11.004,-7.67607,-0.686702,-0.147242
9.89177,11.0243,-7.67292,-0.686073,-0.15155
9.88807,11.0445,-7.66968,-0.686887,-0.147153
9.88429,11.0648,-7.66653,-0.686194,-0.150333
9.88046,11.085,-7.66331,-0.685626,-0.154594
9.87656,11.1052,-7.66001,-0.686459,-0.149852
9.87259,11.1254,-7.6568,-0.685782,-0.153281
9.86856,11.1456,-7.65353,-0.685232,-0.157597
9.86446,11.1657,-7.65016,-0.686087,-0.152815
9.8603,11.1859,-7.64689,-0.685423,-0.156241
9.85607,11.206,-7.64355,-0.684889,-0.160558
9.85178,11.2261,-7.64012,-0.68576,-0.15572
9.84741,11.2462,-7.63679,-0.685114,-0.159136
9.84298,11.2663,-7.63339,-0.684593,-0.163451
9.83849,11.2863,-7.6299,-0.685474,-0.158553
9.83392,11.3064,-7.62651,-0.684852,-0.161955
9.82929,11.3264,-7.62305,-0.684342,-0.166267
9.82459,11.3464,-7.61949,-0.685227,-0.161305
9.81981,11.3664,-7.61605,-0.684634,-0.164691
9.81497,11.3863,-7.61253,-0.684134,-0.168998
9.81006,11.4062,-7.60892,-0.685016,-0.163969
9.80508,11.4262,-7.60541,-0.684459,-0.167337
9.80002,11.4461,-7.60184,-0.683966,-0.17164
9.79491,11.4659,-7.59817,-0.684839,-0.166541
9.78971,11.4858,-7.59461,-0.684323,-0.16989
9.78444,11.5057,-7.59098,-0.683836,-0.174188
9.77911,11.5255,-7.58726,-0.684693,-0.169019
9.77369,11.5453,-7.58364,-0.684227,-0.172347
9.76821,11.5651,-7.57996,-0.683743,-0.176642
9.76266,11.5848,-7.57618,-0.684576,-0.1714
9.75703,11.6046,-7.57252,-0.681712,-0.184184
9.75135,11.6242,-7.56859,-0.682552,-0.188994
9.74558,11.6439,-7.56455,-0.684603,-0.183441
9.73972,11.6635,-7.56063,-0.682902,-0.186201
9.7338,11.6832,-7.55665,-0.682522,-0.189721
9.7278,11.7027,-7.55259,-0.684569,-0.183904
9.7217,11.7224,-7.54865,-0.682868,-0.186669
9.71554,11.7419,-7.54467,-0.682485,-0.190247
9.70931,11.7614,-7.5406,-0.684543,-0.184417
9.70298,11.7809,-7.53665,-0.682845,-0.187236
9.69659,11.8004,-7.53265,-0.682459,-0.190881
9.69012,11.8198,-7.52857,-0.684528,-0.185033
9.68356,11.8393,-7.52461,-0.682835,-0.187904
9.67693,11.8587,-7.52059,-0.682445,-0.191613
9.67023,11.878,-7.5165,-0.682099,-0.19525
9.66346,11.8973,-7.51233,-0.684185,-0.189295
9.65658,11.9167,-7.50827,-0.682468,-0.192004
9.64964,11.9359,-7.50417,-0.6821,-0.19553
9.64263,11.9551,-7.49999,-0.684194,-0.189533
9.63551,11.9744,-7.49593,-0.682483,-0.1923
9.62834,11.9936,-7.49182,-0.68211,-0.195904
9.62109,12.0127,-7.48764,-0.684216,-0.189896
9.61374,12.0319,-7.48357,-0.682511,-0.192725
9.60632,12.051,-7.47945,-0.682133,-0.196406
9.59884,12.07,-7.47525,-0.684253,-0.190381
9.59125,12.0891,-7.47117,-0.682556,-0.193266
9.5836,12.1081,-7.46704,-0.682172,-0.19702
9.57588,12.127,-7.46283,-0.681835,-0.200704
9.56808,12.1459,-7.45854,-0.683968,-0.194569
9.56017,12.1649,-7.45437,-0.682253,-0.197294
9.55221,12.1837,-7.45015,-0.681891,-0.20087
9.54417,12.2025,-7.44586,-0.684034,-0.19469
9.53603,12.2214,-7.44169,-0.682328,-0.197476
9.52782,12.2401,-7.43747,-0.681959,-0.201137
9.51955,12.2588,-7.43317,-0.681632,-0.204731
9.51119,12.2775,-7.42879,-0.68379,-0.198453
9.50273,12.2962,-7.42454,-0.682067,-0.201095
9.49421,12.3148,-7.42023,-0.681714,-0.204593
9.48562,12.3333,-7.41586,-0.68388,-0.198279
9.47691,12.3519,-7.41161,-0.682167,-0.200992
9.46815,12.3704,-7.40731,-0.681806,-0.204587
9.45932,12.3889,-7.40294,-0.683985,-0.198267
9.45037,12.4073,-7.39869,-0.682284,-0.201053
9.44137,12.4257,-7.39439,-0.681914,-0.204741
9.4323,12.4441,-7.39001,-0.681591,-0.208365
9.42315,12.4623,-7.38555,-0.683781,-0.201948
9.41388,12.4806,-7.38122,-0.682067,-0.204588
9.40457,12.4989,-7.37684,-0.681714,-0.208116
9.39518,12.517,-7.37239,-0.683916,-0.20166
9.38567,12.5352,-7.36807,-0.682214,-0.204374
9.37611,12.5533,-7.36369,-0.681851,-0.208003
9.36648,12.5714,-7.35924,-0.681534,-0.21157
9.35677,12.5893,-7.35471,-0.683746,-0.205026
9.34695,12.6074,-7.35032,-0.682032,-0.207603
9.33708,12.6253,-7.34587,-0.681684,-0.211082
9.32713,12.6431,-7.34136,-0.683908,-0.204504
9.31706,12.661,-7.33697,-0.682208,-0.207163
9.30695,12.6788,-7.33254,-0.681847,-0.21075
9.29676,12.6966,-7.32802,-0.681535,-0.214278
9.28649,12.7142,-7.32344,-0.683767,-0.20762
9.27611,12.7319,-7.31898,-0.682056,-0.210147
9.26568,12.7495,-7.31448,-0.68171,-0.213591
9.25518,12.7671,-7.30991,-0.681407,-0.216979
9.2446,12.7846,-7.30526,-0.683647,-0.210216
9.2339,12.8021,-7.30075,-0.681924,-0.212622
9.22315,12.8195,-7.2962,-0.681589,-0.21594
9.21233,12.8368,-7.29157,-0.683837,-0.209164
9.20139,12.8542,-7.28709,-0.682129,-0.211668
9.1904,12.8714,-7.28255,-0.68178,-0.215113
9.17933,12.8886,-7.27794,-0.681476,-0.218503
9.1682,12.9058,-7.27326,-0.683732,-0.211667
9.15695,12.9229,-7.26872,-0.682015,-0.214058
9.14564,12.94,-7.26414,-0.681676,-0.21738
9.13427,12.957,-7.25948,-0.68138,-0.220649
9.12282,12.9739,-7.25475,-0.683642,-0.213728
9.11125,12.9909,-7.25016,-0.681915,-0.216014
9.09964,13.0077,-7.24554,-0.681584,-0.219226
9.08795,13.0245,-7.24084,-0.683853,-0.212305
9.07614,13.0413,-7.23628,-0.682143,-0.214699
9.06429,13.0579,-7.23168,-0.681797,-0.21805
9.05237,13.0746,-7.22701,-0.681498,-0.221349
9.04037,13.0911,-7.22226,-0.683772,-0.214384
9.02826,13.1077,-7.21766,-0.682055,-0.216676
9.0161,13.1241,-7.21302,-0.681718,-0.219915
9.00387,13.1405,-7.2083,-0.681425,-0.223104
8.99157,13.1568,-7.20352,-0.683703,-0.216068
8.97915,13.1732,-7.19888,-0.681978,-0.218263
8.96668,13.1894,-7.1942,-0.681648,-0.221401
8.95415,13.2055,-7.18946,-0.683935,-0.214374
8.9415,13.2217,-7.18485,-0.682227,-0.216683
8.9288,13.2378,-7.18021,-0.681881,-0.219967
8.91604,13.2537,-7.17549,-0.681583,-0.223201
8.9032,13.2697,-7.17071,-0.683872,-0.216142
8.89025,13.2856,-7.16606,-0.68216,-0.218354
8.87726,13.3014,-7.16138,-0.681822,-0.221531
8.8642,13.3171,-7.15663,-0.68153,-0.224659
8.85107,13.3328,-7.15181,-0.683821,-0.217539
8.83782,13.3485,-7.14714,-0.682103,-0.219658
8.82453,13.364,-7.14243,-0.681772,-0.222736
8.81117,13.3795,-7.13765,-0.681484,-0.225769
8.79775,13.3949,-7.13281,-0.683776,-0.218603
8.7842,13.4103,-7.12811,-0.682051,-0.220637
8.77062,13.4256,-7.12338,-0.681725,-0.223628
8.75697,13.4409,-7.11859,-0.684024,-0.216486
8.74321,13.4561,-7.11394,-0.682318,-0.218643
8.7294,13.4712,-7.10925,-0.681973,-0.221788
8.71554,13.4862,-7.10449,-0.681678,-0.224887
8.7016,13.5012,-7.09967,-0.683977,-0.217734
8.68755,13.5162,-7.09499,-0.682268,-0.219802
8.67347,13.531,-7.09027,-0.68193,-0.222848
8.65932,13.5458,-7.08549,-0.681639,-0.225848
8.6451,13.5605,-7.08065,-0.683937,-0.218655
8.63077,13.5752,-7.07595,-0.682224,-0.220635
8.61641,13.5898,-7.07122,-0.681892,-0.223588
8.60198,13.6043,-7.06642,-0.681605,-0.226498
8.58749,13.6187,-7.06156,-0.6839,-0.219276
8.57288,13.6331,-7.05685,-0.682181,-0.221177
8.55824,13.6474,-7.05211,-0.681854,-0.224046
8.54354,13.6616,-7.0473,-0.681569,-0.226873
8.52878,13.6758,-7.04243,-0.683862,-0.219634
8.5139,13.6899,-7.03771,-0.682137,-0.221461
8.49899,13.7039,-7.03296,-0.681813,-0.224253
8.48402,13.7178,-7.02815,-0.684109,-0.217059
8.46893,13.7318,-7.02349,-0.682404,-0.219016
8.45382,13.7456,-7.01879,-0.682061,-0.221966
8.43864,13.7593,-7.01403,-0.681767,-0.224872
8.42342,13.7729,-7.00921,-0.68406,-0.217695
8.40807,13.7866,-7.00453,-0.682351,-0.219571
8.3927,13.8001,-6.99982,-0.682015,-0.222427
8.37727,13.8135,-6.99505,-0.681725,-0.225239
8.36178,13.8269,-6.99021,-0.684012,-0.218047
8.34618,13.8402,-6.98553,-0.682299,-0.21984
8.33056,13.8534,-6.98081,-0.681968,-0.222607
8.31488,13.8666,-6.97604,-0.681681,-0.225331
8.29914,13.8796,-6.9712,-0.683963,-0.218135
8.28329,13.8927,-6.96652,-0.682244,-0.219852
8.26742,13.9056,-6.9618,-0.681918,-0.222535
8.2515,13.9184,-6.95703,-0.684201,-0.215392
8.23546,13.9313,-6.9524,-0.682501,-0.217235
8.2194,13.944,-6.94774,-0.682156,-0.220072
8.20329,13.9566,-6.94302,-0.68186,-0.222864
8.18713,13.9691,-6.93824,-0.684136,-0.215752
8.17085,13.9816,-6.9336,-0.682433,-0.217509
8.15456,13.994,-6.92894,-0.682095,-0.220245
8.13821,14.0063,-6.92422,-0.681804,-0.222937
8.12182,14.0186,-6.91944,-0.684071,-0.215824
8.10531,14.0308,-6.9148,-0.682363,-0.217494
8.08879,14.0428,-6.91013,-0.682032,-0.220133
8.07222,14.0548,-6.90541,-0.681743,-0.222729
8.0556,14.0668,-6.90064,-0.684003,-0.215627
8.03887,14.0786,-6.896,-0.682288,-0.217217
8.02213,14.0904,-6.89135,-0.681962,-0.219764
8.00534,14.1021,-6.88664,-0.684219,-0.212726
7.98844,14.1138,-6.88207,-0.682522,-0.214437
7.97152,14.1253,-6.87747,-0.682178,-0.21713
7.95457,14.1368,-6.87281,-0.681881,-0.219778
7.93757,14.1481,-6.8681,-0.684128,-0.212786
7.92045,14.1595,-6.86353,-0.682426,-0.214407
7.90333,14.1707,-6.85894,-0.682091,-0.216992
7.88617,14.1818,-6.85428,-0.681798,-0.219532
7.86896,14.1929,-6.84958,-0.684036,-0.212555
7.85164,14.2039,-6.84501,-0.682326,-0.214086
7.83432,14.2148,-6.84043,-0.681998,-0.216566
7.81696,14.2256,-6.83579,-0.684231,-0.209655
7.79949,14.2364,-6.83128,-0.682538,-0.211299
7.78201,14.2471,-6.82675,-0.682193,-0.213914
7.76449,14.2577,-6.82217,-0.681894,-0.216483
7.74694,14.2682,-6.81753,-0.684116,-0.209624
7.72927,14.2786,-6.81303,-0.682417,-0.211171
7.71161,14.289,-6.80851,-0.682081,-0.213666
7.6939,14.2992,-6.80393,-0.6843,-0.206868
7.6761,14.3094,-6.79949,-0.682617,-0.208516
7.65829,14.3195,-6.79502,-0.682266,-0.211134
7.64044,14.3296,-6.7905,-0.681962,-0.213703
7.62256,14.3395,-6.78592,-0.684167,-0.206955
7.60457,14.3494,-6.78148,-0.682478,-0.208493
7.58659,14.3592,-6.77701,-0.682138,-0.210976
7.56857,14.3689,-6.77249,-0.681841,-0.21341
7.55052,14.3785,-6.76792,-0.684034,-0.206682
7.53236,14.3881,-6.76349,-0.682335,-0.208111
7.51421,14.3975,-6.75903,-0.682004,-0.210466
7.49602,14.4069,-6.75453,-0.684189,-0.203808
7.47773,14.4162,-6.75015,-0.682504,-0.205334
7.45945,14.4254,-6.74576,-0.68216,-0.207803
7.44113,14.4346,-6.74131,-0.681859,-0.210222
7.42279,14.4436,-6.73681,-0.684031,-0.203626
7.40434,14.4526,-6.73244,-0.682336,-0.205041
7.3859,14.4615,-6.72805,-0.682003,-0.20737
7.36743,14.4703,-6.72361,-0.684166,-0.200843
7.34887,14.479,-6.71931,-0.682484,-0.202346
7.33031,14.4877,-6.71498,-0.682139,-0.204778
7.31172,14.4963,-6.71059,-0.684297,-0.198349
7.29304,14.5048,-6.70634,-0.682627,-0.199935
7.27437,14.5132,-6.70206,-0.682271,-0.202458
7.25567,14.5215,-6.69773,-0.681961,-0.204926
7.23694,14.5297,-6.69335,-0.684103,-0.198547
7.21812,14.5379,-6.68909,-0.682424,-0.199996
7.19931,14.546,-6.68481,-0.682084,-0.20235
7.18048,14.554,-6.68048,-0.684217,-0.19603
7.16155,14.5619,-6.67628,-0.68255,-0.197547
7.14264,14.5698,-6.67206,-0.682199,-0.199983
7.1237,14.5775,-6.66778,-0.68189,-0.202362
7.10474,14.5852,-6.66345,-0.684011,-0.196097
7.08568,14.5928,-6.65925,-0.682331,-0.197474
7.06664,14.6004,-6.65503,-0.681995,-0.199735
7.04758,14.6078,-6.65076,-0.684103,-0.193533
7.02843,14.6152,-6.64661,-0.682434,-0.194975
7.00929,14.6224,-6.64244,-0.682089,-0.197311
6.99014,14.6296,-6.63823,-0.684188,-0.191204
6.97089,14.6368,-6.63413,-0.682529,-0.192708
6.95166,14.6438,-6.63001,-0.682176,-0.195108
6.93242,14.6508,-6.62584,-0.684268,-0.189089
6.91308,14.6577,-6.62179,-0.682618,-0.190644
6.89377,14.6645,-6.61772,-0.682257,-0.193098
6.87443,14.6712,-6.61359,-0.681941,-0.195488
6.85508,14.6778,-6.60941,-0.684018,-0.189512
6.83564,14.6844,-6.60536,-0.682355,-0.190897
6.81623,14.6909,-6.60128,-0.682014,-0.193143
6.79679,14.6973,-6.59715,-0.684079,-0.187221
6.77727,14.7036,-6.59315,-0.682423,-0.188649
6.75778,14.7099,-6.58912,-0.682076,-0.190944
6.73826,14.716,-6.58504,-0.68413,-0.185111
6.71867,14.7221,-6.58108,-0.682482,-0.186581
6.6991,14.7281,-6.57709,-0.684529,-0.180699
6.67944,14.7341,-6.57322,-0.682902,-0.182388
6.65981,14.7399,-6.56933,-0.683853,-0.176767
6.64013,14.7457,-6.56555,-0.683351,-0.17861
6.62044,14.7514,-6.56173,-0.684,-0.173102
6.60071,14.7571,-6.55804,-0.682706,-0.17525
6.581,14.7626,-6.5543,-0.683373,-0.178326
6.56125,14.7681,-6.55049,-0.682979,-0.181386
6.54148,14.7736,-6.54661,-0.683904,-0.176062
6.52167,14.7789,-6.54285,-0.683471,-0.177885
6.50186,14.7842,-6.53905,-0.683045,-0.180691
6.48203,14.7893,-6.53519,-0.68395,-0.175347
6.46216,14.7945,-6.53144,-0.683537,-0.177131
6.44229,14.7995,-6.52766,-0.68311,-0.179901
6.4224,14.8045,-6.52382,-0.684002,-0.174583
6.40247,14.8094,-6.52009,-0.683601,-0.176335
6.38254,14.8142,-6.51632,-0.683172,-0.179069
6.3626,14.8189,-6.51249,-0.684058,-0.173776
6.34261,14.8236,-6.50878,-0.683659,-0.175495
6.32262,14.8282,-6.50503,-0.683229,-0.178189
6.30263,14.8327,-6.50123,-0.684115,-0.172923
6.28259,14.8371,-6.49753,-0.68371,-0.174606
6.26255,14.8415,-6.4938,-0.683281,-0.177257
6.2425,14.8457,-6.49001,-0.684173,-0.172019
6.22241,14.85,-6.48634,-0.683754,-0.173668
6.20232,14.8541,-6.48263,-0.683326,-0.176273
6.18223,14.8582,-6.47886,-0.68423,-0.171064
6.1621,14.8622,-6.47521,-0.683788,-0.172677
6.14196,14.8661,-6.47152,-0.683363,-0.175234
6.12182,14.8699,-6.46778,-0.684284,-0.170057
6.10164,14.8737,-6.46414,-0.683811,-0.171634
6.08146,14.8774,-6.46048,-0.68339,-0.174142
6.06128,14.881,-6.45676,-0.684334,-0.168998
6.04106,14.8845,-6.45315,-0.683823,-0.170538
6.02084,14.888,-6.44951,-0.683406,-0.173006
6.00062,14.8914,-6.44581,-0.684379,-0.167897
5.98036,14.8947,-6.44222,-0.683824,-0.169422
5.9601,14.898,-6.43861,-0.684537,-0.164221
5.93982,14.9011,-6.4351,-0.684272,-0.165894
5.91952,14.9043,-6.43155,-0.683804,-0.168578
5.89924,14.9073,-6.42796,-0.684571,-0.163632
5.87891,14.9102,-6.42446,-0.684241,-0.165322
5.85859,14.9131,-6.42093,-0.683784,-0.167975
5.83827,14.916,-6.41734,-0.684603,-0.16304
5.81792,14.9187,-6.41386,-0.684202,-0.164697
5.79757,14.9214,-6.41034,-0.683757,-0.167316
5.77722,14.924,-6.40677,-0.684631,-0.16239
5.75684,14.9265,-6.4033,-0.684154,-0.164016
5.73646,14.929,-6.3998,-0.683721,-0.166618
5.71609,14.9314,-6.39624,-0.684653,-0.161696
5.69568,14.9337,-6.39279,-0.684097,-0.163298
5.67528,14.9359,-6.3893,-0.684793,-0.158252
5.65485,14.9381,-6.38592,-0.684494,-0.160011
5.63443,14.9402,-6.38251,-0.684019,-0.162844
5.61401,14.9422,-6.37903,-0.684802,-0.158019
5.59356,14.9442,-6.37566,-0.684398,-0.159802
5.57311,14.9461,-6.37224,-0.683942,-0.16266
5.55267,14.9479,-6.36877,-0.684806,-0.157788
5.53221,14.9497,-6.3654,-0.684297,-0.159561
5.51175,14.9514,-6.362,-0.683859,-0.162476
5.49129,14.953,-6.35853,-0.685751,-0.157497
5.47078,14.9545,-6.35516,-0.684205,-0.159258
5.45031,14.956,-6.35176,-0.684923,-0.154156
5.42981,14.9574,-6.34847,-0.68453,-0.15613
5.40932,14.9588,-6.34514,-0.68406,-0.159501
5.38883,14.96,-6.34174,-0.684902,-0.154496
5.36832,14.9612,-6.33844,-0.684382,-0.156784
5.34782,14.9624,-6.33509,-0.683936,-0.160615
5.32733,14.9634,-6.33166,-0.685789,-0.155397
5.30678,14.9644,-6.32834,-0.684248,-0.157858
5.28627,14.9653,-6.32497,-0.684988,-0.152408
5.26574,14.9662,-6.32172,-0.684534,-0.155012
5.24522,14.967,-6.31841,-0.684063,-0.159453
5.22471,14.9677,-6.31501,-0.685908,-0.153844
5.20415,14.9684,-6.31172,-0.68436,-0.156743
5.18362,14.969,-6.30837,-0.683899,-0.161613
5.16311,14.9695,-6.30492,-0.6857,-0.155544
5.14255,14.9699,-6.3016,-0.68416,-0.0968568
5.12203,14.9703,-6.29954,-0.68473,-0.0936157
5.10149,14.9706,-6.29756,-0.684574,0.0143125
5.08095,14.9709,-6.29786,-0.684628,0.072682
5.06041,14.9712,-6.2994,-0.685282,0.0665603
5.03986,14.9716,-6.30081,-0.6852,0.0606605
5.01931,14.9719,-6.3021,-0.684613,0.0550278
4.99877,14.9723,-6.30327,-0.685216,0.0496695
4.97822,14.9727,-6.30432,-0.685312,0.0445736
4.95766,14.9732,-6.30526,-0.68577,0.0397347
4.9371,14.9736,-6.30611,-0.685854,0.0351435
4.91653,14.9741,-6.30685,-0.685979,0.030794
4.89595,14.9746,-6.30751,-0.686483,0.0266785
4.87536,14.9751,-6.30807,-0.686593,0.0227874
4.85477,14.9756,-6.30856,-0.686741,0.0191147
4.83418,14.9761,-6.30896,-0.686925,0.0156527
4.81358,14.9766,-6.3093,-0.687404,0.0123938
4.79296,14.9772,-6.30956,-0.687571,0.0093294
4.77234,14.9777,-6.30976,-0.687768,0.00645305
4.75172,14.9783,-6.3099,-0.68827,0.00375761
4.73107,14.9788,-6.30998,-0.688445,0.00123509
4.71043,14.9794,-6.31,-0.688647,-0.00112066
4.68978,14.9799,-6.30998,-0.689167,-0.00331641
4.66911,14.9805,-6.30991,-0.689342,-0.00535958
4.64844,14.981,-6.30979,-0.689544,-0.007256
4.62776,14.9816,-6.30964,-0.690076,-0.00901198
4.60706,14.9821,-6.30945,-0.690246,-0.0106344
4.58636,14.9827,-6.30922,-0.690442,-0.0121286
4.56566,14.9832,-6.30896,-0.690983,-0.0135005
4.54493,14.9838,-6.30867,-0.691143,-0.0147563
4.52421,14.9843,-6.30836,-0.691329,-0.0159011
4.50347,14.9848,-6.30802,-0.691537,-0.0169402
4.48273,14.9853,-6.30765,-0.692018,-0.0178789
4.46198,14.9858,-6.30727,-0.692193,-0.0187225
4.44122,14.9863,-6.30687,-0.692388,-0.0194757
4.42045,14.9868,-6.30645,-0.692868,-0.0201431
4.39967,14.9873,-6.30602,-0.693028,-0.0207294
4.37889,14.9878,-6.30558,-0.693206,-0.021239
4.3581,14.9882,-6.30512,-0.693685,-0.0216759
4.33729,14.9887,-6.30466,-0.693825,-0.0220446
4.31648,14.9891,-6.30418,-0.693985,-0.0223486
4.29567,14.9896,-6.3037,-0.694464,-0.0225919
4.27484,14.99,-6.30322,-0.694582,-0.0227781
4.254,14.9904,-6.30273,-0.694722,-0.0229107
4.23317,14.9908,-6.30224,-0.69488,-0.022993
4.21232,14.9912,-6.30174,-0.695292,-0.0230283
4.19147,14.9916,-6.30125,-0.695414,-0.0230196
4.17061,14.992,-6.30075,-0.695551,-0.0229699
4.14974,14.9924,-6.30026,-0.69596,-0.022882
4.12887,14.9927,-6.29976,-0.696059,-0.0227587
4.10799,14.9931,-6.29927,-0.696175,-0.0226025
4.08711,14.9934,-6.29879,-0.696581,-0.0224159
4.06621,14.9937,-6.29831,-0.696657,-0.0222013
4.04532,14.994,-6.29783,-0.696751,-0.0219608
4.02442,14.9944,-6.29735,-0.696861,-0.0216971
4.00351,14.9946,-6.29689,-0.697206,-0.0214117
3.9826,14.9949,-6.29642,-0.697281,-0.0211067
3.96168,14.9952,-6.29597,-0.69737,-0.0207843
3.94076,14.9955,-6.29552,-0.697713,-0.0204461
3.91983,14.9957,-6.29508,-0.697766,-0.0200971
3.8989,14.996,-6.29465,-0.697835,-0.0197344
3.87797,14.9962,-6.29422,-0.698177,-0.0193574
3.85702,14.9965,-6.2938,-0.698208,-0.0189694
3.83608,14.9967,-6.29339,-0.698256,-0.0185728
3.81513,14.9969,-6.29299,-0.698599,-0.0181689
3.79417,14.9971,-6.2926,-0.698608,-0.017759
3.77322,14.9973,-6.29221,-0.698636,-0.0173441
3.75226,14.9975,-6.29184,-0.69868,-0.0169256
3.7313,14.9977,-6.29147,-0.698967,-0.0165042
3.71033,14.9978,-6.29112,-0.698978,-0.0160808
3.68936,14.998,-6.29077,-0.699003,-0.0156565
3.66839,14.9982,-6.29043,-0.699293,-0.015232
3.64741,14.9983,-6.2901,-0.699284,-0.014808
3.62644,14.9985,-6.28978,-0.699292,-0.0143854
3.60546,14.9986,-6.28947,-0.699586,-0.0139647
3.58447,14.9987,-6.28917,-0.699558,-0.0135466
3.56348,14.9989,-6.28887,-0.699548,-0.0131316
3.5425,14.999,-6.28859,-0.699554,-0.0127204
3.52151,14.9991,-6.28832,-0.699799,-0.0123134
3.50052,14.9992,-6.28805,-0.699775,-0.0119109
3.47952,14.9993,-6.28779,-0.699766,-0.0115135
3.45853,14.9994,-6.28754,-0.700016,-0.0111216
3.43753,14.9995,-6.2873,-0.699975,-0.0107353
3.41653,14.9996,-6.28707,-0.699951,-0.0103552
3.39553,14.9997,-6.28684,-0.70021,-0.00998138
3.37453,14.9997,-6.28663,-0.700152,-0.00961412
3.35352,14.9998,-6.28642,-0.700113,-0.0092537
3.33252,14.9999,-6.28622,-0.700091,-0.00890033
3.31152,14.9999,-6.28603,-0.700305,-0.00855417
3.29051,15,-6.28584,-0.700254,-0.00821529
3.2695,15.0001,-6.28566,-0.700052,-0.00788464
3.2485,15.0001,-6.28549,-0.700222,-0.00756168
3.22749,15.0002,-6.28533,-0.700114,-0.00724619
3.20649,15.0002,-6.28517,-0.700027,-0.00693828
3.18549,15.0002,-6.28502,-0.700225,-0.00663802
3.16448,15.0003,-6.28488,-0.700112,-0.00634536
3.14348,15.0003,-6.28474,-0.700021,-0.00606041
3.12248,15.0003,-6.28461,-0.699951,-0.00578318
3.10148,15.0004,-6.28448,-0.700119,-0.00551368
3.08048,15.0004,-6.28437,-0.700027,-0.0052518
3.05948,15.0004,-6.28425,-0.699953,-0.0049976
3.03848,15.0005,-6.28414,-0.700141,-0.00475102
3.01747,15.0005,-6.28404,-0.700043,-0.00451195
2.99647,15.0005,-6.28394,-0.699965,-0.00428038
2.97547,15.0005,-6.28385,-0.700173,-0.00405627
2.95447,15.0005,-6.28376,-0.700068,-0.00383944
2.93347,15.0005,-6.28368,-0.699986,-0.00362988
2.91247,15.0005,-6.2836,-0.699923,-0.0034275
2.89147,15.0006,-6.28353,-0.700099,-0.00323219
2.87047,15.0006,-6.28346,-0.700013,-0.00304378
2.84946,15.0006,-6.28339,-0.699946,-0.00286222
2.82847,15.0006,-6.28333,-0.70014,-0.00268738
2.80746,15.0006,-6.28327,-0.700047,-0.00251909
2.78646,15.0006,-6.28322,-0.699975,-0.00235727
2.76546,15.0006,-6.28316,-0.70018,-0.0022018
2.74446,15.0006,-6.28312,-0.700069,-0.00205252
2.72345,15.0006,-6.28307,-0.699986,-0.0019093
2.70245,15.0006,-6.28303,-0.699923,-0.00177201
2.68146,15.0006,-6.28299,-0.700099,-0.00164051
2.66045,15.0006,-6.28296,-0.700013,-0.00151462
2.63945,15.0006,-6.28292,-0.699946,-0.00139424
2.61846,15.0006,-6.28289,-0.70014,-0.00127921
2.59745,15.0005,-6.28287,-0.700047,-0.00116937
2.57645,15.0005,-6.28284,-0.699975,-0.0010646
2.55545,15.0005,-6.28282,-0.700188,-0.000964772
2.53444,15.0005,-6.2828,-0.700087,-0.000869702
2.51344,15.0005,-6.28278,-0.700009,-0.000779279
2.49244,15.0005,-6.28276,-0.69995,-0.00069336
2.47144,15.0005,-6.28275,-0.70013,-0.000611826
2.45044,15.0005,-6.28273,-0.700047,-0.00053449
2.42944,15.0005,-6.28272,-0.699983,-0.000461179
2.40844,15.0005,-6.28271,-0.70018,-0.000391954
2.38743,15.0005,-6.2827,-0.700089,-0.000326434
2.36643,15.0004,-6.2827,-0.700019,-0.000264547
2.34543,15.0004,-6.28269,-0.700234,-0.000206426
2.32442,15.0004,-6.28269,-0.700135,-0.000151536
2.30342,15.0004,-6.28268,-0.700059,-9.99385e-05
2.28242,15.0004,-6.28268,-0.700001,-5.15383e-05
2.26142,15.0004,-6.28268,-0.700182,-6.37388e-06
2.24041,15.0004,-6.28268,-0.700101,3.59972e-05
2.21941,15.0004,-6.28268,-0.700037,7.56104e-05
2.19841,15.0004,-6.28268,-0.700235,0.000112253
2.1774,15.0004,-6.28268,-0.700145,0.000146519
2.1564,15.0003,-6.28269,-0.700076,0.000178357
2.13539,15.0003,-6.28269,-0.700291,0.000207486
2.11438,15.0003,-6.2827,-0.700192,0.000234618
2.09338,15.0003,-6.2827,-0.700116,0.000259621
2.07238,15.0003,-6.28271,-0.700058,0.000282575
2.05137,15.0003,-6.28271,-0.700239,0.000303115
2.03037,15.0003,-6.28272,-0.700157,0.000322118
2.00936,15.0003,-6.28273,-0.700094,0.000339418
1.98836,15.0003,-6.28273,-0.700291,0.000354485
1.96735,15.0003,-6.28274,-0.700201,0.000368366
1.94634,15.0002,-6.28275,-0.700131,0.000380823
1.92534,15.0002,-6.28276,-0.700345,0.000391172
1.90433,15.0002,-6.28277,-0.700246,0.000400689
1.88332,15.0002,-6.28277,-0.700169,0.000409069
1.86232,15.0002,-6.28278,-0.700111,0.00041626
1.84131,15.0002,-6.28279,-0.700291,0.000421379
1.82031,15.0002,-6.2828,-0.700208,0.000426114
1.7993,15.0002,-6.28281,-0.700144,0.000429845
1.7783,15.0002,-6.28282,-0.70034,0.000431864
1.75728,15.0002,-6.28283,-0.700249,0.000433546
1.73628,15.0002,-6.28284,-0.700178,0.000434389
1.71527,15.0002,-6.28285,-0.700392,0.000433854
1.69426,15.0001,-6.28286,-0.700292,0.000433013
1.67325,15.0001,-6.28287,-0.700213,0.000431483
1.65225,15.0001,-6.28288,-0.700154,0.00042923
1.63124,15.0001,-6.28289,-0.700333,0.000426045
1.61023,15.0001,-6.28289,-0.70025,0.000422527
1.58922,15.0001,-6.2829,-0.700184,0.000418488
1.56822,15.0001,-6.28291,-0.70038,0.000413777
1.54721,15.0001,-6.28292,-0.700287,0.000408765
1.5262,15.0001,-6.28293,-0.700215,0.000403343
1.50519,15.0001,-6.28294,-0.700428,0.000397466
1.48418,15.0001,-6.28295,-0.700327,0.000391309
1.46317,15.0001,-6.28296,-0.700247,0.000384835
1.44216,15.0001,-6.28296,-0.700187,0.00037807
1.42116,15.0001,-6.28297,-0.700366,0.000371098
1.40014,15.0001,-6.28298,-0.700281,0.000363868
1.37914,15.0001,-6.28299,-0.700214,0.000356433
1.35813,15.0001,-6.283,-0.700409,0.000348944
1.33712,15.0001,-6.283,-0.700315,0.000341213
1.31611,15.0001,-6.28301,-0.700242,0.000333342
1.2951,15,-6.28302,-0.700455,0.000325549
1.27409,15,-6.28303,-0.700352,0.000317524
1.25308,15,-6.28303,-0.700271,0.000309415
1.23207,15,-6.28304,-0.70021,0.000301272
1.21106,15,-6.28305,-0.700388,0.000293318
1.19005,15,-6.28305,-0.700302,0.000285178
1.16904,15,-6.28306,-0.700234,0.000277021
1.14803,15,-6.28306,-0.700429,0.000269131
1.12702,15,-6.28307,-0.700335,0.000261061
1.10601,15,-6.28308,-0.70026,0.000253008
1.085,15,-6.28308,-0.700473,0.000245291
1.06399,15,-6.28309,-0.700369,0.000237398
1.04298,15,-6.28309,-0.700288,0.000229551
1.02197,15,-6.2831,-0.700225,0.000221804
1.00096,15,-6.2831,-0.700403,0.000214422
0.979951,15,-6.28311,-0.700316,0.000206916
0.958941,15,-6.28311,-0.700248,0.00019949
0.937934,15,-6.28312,-0.700442,0.000192457
0.916921,15,-6.28312,-0.700347,0.000185301
0.89591,15,-6.28312,-0.700272,0.000178238
0.874902,15,-6.28313,-0.700214,0.00017132
0.853896,15,-6.28313,-0.700378,0.000164791
0.832884,15,-6.28313,-0.700297,0.000158185
0.811875,15,-6.28314,-0.700231,0.000151693
0.790868,15,-6.28314,-0.700408,0.000145596
0.769856,15,-6.28314,-0.70032,0.00013942
0.748847,15,-6.28315,-0.70025,0.000133363
0.727839,15,-6.28315,-0.700444,0.000127711
0.706826,15,-6.28315,-0.700347,0.00012198
0.685815,15,-6.28316,-0.700271,0.000116368
0.664807,15,-6.28316,-0.700212,0.00011092
0.643801,15,-6.28316,-0.700375,0.000105846
0.62279,15,-6.28316,-0.700294,0.000100731
0.601781,15,-6.28317,-0.70023,9.57407e-05
0.580774,15,-6.28317,-0.700408,9.11139e-05
0.559762,15,-6.28317,-0.700319,8.64428e-05
0.538752,15,-6.28317,-0.700249,8.18934e-05
0.517745,15,-6.28317,-0.700444,7.77014e-05
0.496731,15,-6.28317,-0.700347,7.34627e-05
0.475721,15,-6.28318,-0.700271,6.93417e-05
0.454713,15,-6.28318,-0.700212,6.53711e-05
0.433706,15,-6.28318,-0.700376,6.17167e-05
0.412695,15,-6.28318,-0.700294,5.80456e-05
0.391686,15,-6.28318,-0.70023,5.44885e-05
0.370679,15,-6.28318,-0.700409,5.12294e-05
0.349667,15,-6.28318,-0.70032,4.79494e-05
0.328658,15,-6.28318,-0.70025,4.47766e-05
0.30765,15,-6.28319,-0.700445,4.18888e-05
0.286637,15,-6.28319,-0.700348,3.89773e-05
0.265626,15,-6.28319,-0.700272,3.61662e-05
0.244618,15,-6.28319,-0.700213,3.3479e-05
0.223612,15,-6.28319,-0.700377,3.10362e-05
0.2026,15,-6.28319,-0.700295,2.8591e-05
0.181592,15,-6.28319,-0.700231,2.62392e-05
0.160585,15,-6.28319,-0.70041,2.41119e-05
0.139572,15,-6.28319,-0.700321,2.19785e-05
0.118563,15,-6.28319,-0.700251,1.99306e-05
0.0975552,15,-6.28319,-0.700447,1.80925e-05
0.0765418,15,-6.28319,-0.700349,1.62457e-05
0.0555313,15,-6.28319,-0.700273,1.44769e-05
0.0345231,15,-6.28319,-0.700214,1.2802e-05
0.0135167,15,-6.28319,-0.700378,1.13022e-05
-0.00749466,15,-6.28319,-0.700297,9.8076e-06
-0.0285036,15,-6.28319,-0.700232,8.3832e-06
-0.0495105,15,-6.28319,-0.700412,7.11612e-06
-0.0705229,15,-6.28319,-0.700323,5.85111e-06
-0.0915326,15,-6.28319,-0.700252,4.64912e-06
-0.11254,15,-6.28319,-0.700449,3.59058e-06
-0.133554,15,-6.28319,-0.700351,2.53204e-06
-0.154564,15,-6.28319,-0.700274,1.52986e-06
-0.175572,15,-6.2832,-0.700215,5.93573e-07
-0.196579,15,-6.2832,-0.70038,-2.26337e-07
-0.21759,15,-6.2832,-0.700298,-1.03782e-06
-0.238599,15,-6.2832,-0.700234,-1.80027e-06
-0.259606,15,-6.28319,-0.700414,-2.46073e-06
-0.280619,15,-6.28319,-0.700325,-3.11518e-06
-0.301628,15,-6.28319,-0.700254,-3.72652e-06
-0.322636,15,-6.28319,-0.700451,-4.24733e-06
-0.34365,15,-6.28319,-0.700353,-4.7637e-06
-0.36466,15,-6.28319,-0.700276,-5.24235e-06
-0.385668,15,-6.28319,-0.700217,-5.67809e-06
-0.406675,15,-6.28319,-0.700382,-6.04291e-06
-0.427686,15,-6.28319,-0.7003,-6.39882e-06
-0.448695,15,-6.28319,-0.700236,-6.723e-06
-0.469702,15,-6.28319,-0.700416,-6.98699e-06
-0.490715,15,-6.28319,-0.700327,-7.24377e-06
-0.511725,15,-6.28319,-0.700256,-7.47332e-06
-0.532732,15,-6.28319,-0.700453,-7.6514e-06
-0.553746,15,-6.28319,-0.700355,-7.82335e-06
-0.574757,15,-6.28319,-0.700278,-7.97209e-06
-0.595765,15,-6.28319,-0.700218,-8.09537e-06
-0.616772,15,-6.28319,-0.700384,-8.18033e-06
-0.637783,15,-6.28319,-0.700302,-8.25731e-06
-0.658792,15,-6.28319,-0.700237,-8.31562e-06
-0.679799,15,-6.28319,-0.700418,-8.34305e-06
-0.700812,15,-6.28319,-0.700328,-8.36359e-06
-0.721822,15,-6.28319,-0.700257,-8.36864e-06
-0.742829,15,-6.28319,-0.700455,-8.34895e-06
-0.763843,15,-6.28319,-0.700357,-8.32309e-06
-0.784854,15,-6.28319,-0.700279,-8.2845e-06
-0.805862,15,-6.28319,-0.70022,-8.23272e-06
-0.826869,15,-6.28319,-0.700386,-8.16433e-06
-0.84788,15,-6.28319,-0.700304,-8.08949e-06
-0.868889,15,-6.28319,-0.700238,-8.0051e-06
-0.889897,15,-6.28319,-0.70042,-7.90888e-06
-0.910909,15,-6.28319,-0.70033,-7.80685e-06
-0.931919,15,-6.28319,-0.700259,-7.69734e-06
-0.952927,15,-6.28319,-0.700457,-7.58001e-06
-0.973941,15,-6.28319,-0.700359,-7.4573e-06
-0.994951,15,-6.28319,-0.700281,-7.32888e-06
-1.01596,15,-6.28319,-0.700221,-7.19527e-06
-1.03697,15,-6.28319,-0.700388,-7.05831e-06
-1.05798,15,-6.28319,-0.700305,-6.91653e-06
-1.07899,15,-6.28319,-0.70024,-6.77111e-06
-1.09999,15,-6.28319,-0.700422,-6.62512e-06
-1.12101,15,-6.28319,-0.700331,-6.47464e-06
-1.14202,15,-6.28319,-0.70026,-6.32175e-06
-1.16302,15,-6.28319,-0.700459,-6.1707e-06
-1.18404,15,-6.28319,-0.70036,-6.01536e-06
-1.20505,15,-6.28319,-0.700282,-5.85864e-06
-1.22606,15,-6.28319,-0.700222,-5.7015e-06
-1.24706,15,-6.28319,-0.700389,-5.54819e-06
-1.26808,15,-6.28319,-0.700306,-5.39152e-06
-1.28909,15,-6.28319,-0.700241,-5.2347e-06
-1.31009,15,-6.28319,-0.700423,-5.08311e-06
-1.33111,15,-6.28319,-0.700333,-4.92829e-06
-1.35212,15,-6.28319,-0.700261,-4.77396e-06
-1.37312,15,-6.28319,-0.700461,-4.62611e-06
-1.39414,15,-6.28319,-0.700361,-4.47511e-06
-1.41515,15,-6.28319,-0.700283,-4.32512e-06
-1.43616,15,-6.28319,-0.700223,-4.17716e-06
-1.45716,15,-6.28319,-0.700391,-4.03618e-06
-1.47817,15,-6.28319,-0.700307,-3.89303e-06
-1.49918,15,-6.28319,-0.700241,-3.75152e-06
-1.52019,15,-6.28319,-0.700425,-3.61748e-06
-1.5412,15,-6.28319,-0.700334,-3.48127e-06
-1.56221,15,-6.28319,-0.700262,-3.34696e-06
-1.58322,15,-6.28319,-0.700462,-3.22063e-06
-1.60424,15,-6.28319,-0.700363,-3.09214e-06
-1.62525,15,-6.28319,-0.700284,-2.96572e-06
-1.64625,15,-6.28319,-0.700224,-2.84232e-06
-1.66726,15,-6.28319,-0.700392,-2.72656e-06
-1.68827,15,-6.28319,-0.700308,-2.60951e-06
-1.70928,15,-6.28319,-0.700242,-2.49479e-06
-1.73029,15,-6.28319,-0.700426,-2.38767e-06
-1.7513,15,-6.28319,-0.700335,-2.27923e-06
-1.77231,15,-6.28319,-0.700262,-2.17313e-06
-1.79332,15,-6.28319,-0.700463,-2.0747e-06
-1.81433,15,-6.28319,-0.700364,-1.9749e-06
-1.83535,15,-6.28319,-0.700285,-1.87744e-06
-1.85635,15,-6.28319,-0.700224,-1.78309e-06
-1.87736,15,-6.28319,-0.700393,-1.69569e-06
-1.89837,15,-6.28319,-0.700309,-1.60762e-06
-1.91938,15,-6.28319,-0.700243,-1.52191e-06
-1.94039,15,-6.28319,-0.700427,-1.44286e-06
-1.9614,15,-6.28319,-0.700335,-1.36308e-06
-1.98241,15,-6.28319,-0.700263,-1.28556e-06
-2.00342,15,-6.28319,-0.700464,-1.21452e-06
-2.02443,15,-6.28319,-0.700364,-1.14269e-06
-2.04544,15,-6.28319,-0.700285,-1.07302e-06
-2.06645,15,-6.28319,-0.700225,-1.00609e-06
-2.08746,15,-6.28319,-0.700394,-9.44823e-07
-2.10847,15,-6.28319,-0.70031,-8.83297e-07
-2.12948,15,-6.28319,-0.700243,-8.2383e-07
-2.15049,15,-6.28319,-0.700428,-7.69647e-07
-2.1715,15,-6.28319,-0.700336,-7.15127e-07
-2.19251,15,-6.28319,-0.700264,-6.62525e-07
-2.21352,15,-6.28319,-0.700466,-6.14932e-07
-2.23453,15,-6.28319,-0.700365,-5.66952e-07
-2.25554,15,-6.28319,-0.700286,-5.20748e-07
-2.27655,15,-6.28319,-0.700225,-4.76725e-07
-2.29756,15,-6.28319,-0.700395,-4.36952e-07
-2.31857,15,-6.28319,-0.700311,-3.9716e-07
-2.33958,15,-6.28319,-0.700244,-3.58999e-07
-2.36059,15,-6.28319,-0.700429,-3.24713e-07
-2.3816,15,-6.28319,-0.700337,-2.9034e-07
-2.40261,15,-6.28319,-0.700265,-2.57449e-07
-2.42362,15,-6.28319,-0.700467,-2.28147e-07
-2.44463,15,-6.28319,-0.700367,-1.98714e-07
-2.46564,15,-6.28319,-0.700287,-1.70624e-07
-2.48665,15,-6.28319,-0.700226,-1.44139e-07
-2.50766,15,-6.28319,-0.700396,-1.20617e-07
-2.52867,15,-6.28319,-0.700311,-9.72001e-08
-2.54968,15,-6.28319,-0.700245,-7.49769e-08
-2.57069,15,-6.28319,-0.700431,-5.53929e-08
-2.5917,15,-6.28319,-0.700338,-3.58595e-08
-2.61271,15,-6.28319,-0.700265,-1.73895e-08
-2.63372,15,-6.28319,-0.700468,-1.30475e-09
-2.65473,15,-6.28319,-0.700368,1.4764e-08
-2.67574,15,-6.28319,-0.700288,2.98892e-08
-2.69675,15,-6.28319,-0.700226,4.3917e-08
-2.71776,15,-6.28319,-0.700397,5.60343e-08
-2.73877,15,-6.28319,-0.700312,6.79972e-08
-2.75978,15,-6.28319,-0.700245,7.91484e-08
-2.78079,15,-6.28319,-0.700432,8.86426e-08
-2.8018,15,-6.28319,-0.700339,9.80226e-08
-2.82281,15,-6.28319,-0.700266,1.06695e-07
-2.84382,15,-6.28319,-0.70047,1.13914e-07
-2.86483,15,-6.28319,-0.700369,1.21043e-07
-2.88584,15,-6.28319,-0.700289,1.27559e-07
-2.90685,15,-6.28319,-0.700227,1.33382e-07
-2.92786,15,-6.28319,-0.700398,1.38086e-07
-2.94887,15,-6.28319,-0.700313,1.42631e-07
-2.96988,15,-6.28319,-0.700246,1.46667e-07
-2.99089,15,-6.28319,-0.700433,1.49768e-07
-3.0119,15,-6.28319,-0.70034,1.52737e-07
-3.03291,15,-6.28319,-0.700267,1.55274e-07
-3.05392,15,-6.28319,-0.700471,1.57025e-07
-3.07493,15,-6.28319,-0.70037,1.58662e-07
-3.09594,15,-6.28319,-0.700289,1.59935e-07
-3.11695,15,-6.28319,-0.700228,1.60814e-07
-3.13796,15,-6.28319,-0.700399,1.61126e-07
-3.15897,15,-6.28319,-0.700314,1.61298e-07
-3.17998,15,-6.28319,-0.700247,1.61182e-07
-3.20099,15,-6.28319,-0.700434,1.60624e-07
-3.222,15,-6.28319,-0.700341,1.59942e-07
-3.24301,15,-6.28319,-0.700267,1.59026e-07
-3.26402,15,-6.28319,-0.700472,1.5777e-07
-3.28503,15,-6.28319,-0.700371,1.56401e-07
-3.30605,15,-6.28319,-0.70029,1.54843e-07
-3.32705,15,-6.28319,-0.700228,1.53097e-07
-3.34806,15,-6.28319,-0.700401,1.51139e-07
-3.36907,15,-6.28319,-0.700315,1.4907e-07
-3.39008,15,-6.28319,-0.700247,1.46864e-07
-3.41109,15,-6.28319,-0.700435,1.44525e-07
-3.4321,15,-6.28319,-0.700342,1.42084e-07
-3.45311,15,-6.28319,-0.700268,1.39539e-07
-3.47412,15,-6.28319,-0.700474,1.36927e-07
-3.49514,15,-6.28319,-0.700372,1.34218e-07
-3.51615,15,-6.28319,-0.700291,1.31435e-07
-3.53716,15,-6.28319,-0.700229,1.28591e-07
-3.55816,15,-6.28319,-0.700402,1.25746e-07
-3.57917,15,-6.28319,-0.700316,1.22818e-07
-3.60018,15,-6.28319,-0.700248,1.1985e-07
-3.62119,15,-6.28319,-0.700437,1.16922e-07
-3.6422,15,-6.28319,-0.700343,1.13917e-07
-3.66321,15,-6.28319,-0.700269,1.10889e-07
-3.68422,15,-6.28319,-0.700475,1.0794e-07
-3.70524,15,-6.28319,-0.700373,1.04915e-07
-3.72625,15,-6.28319,-0.700292,1.01885e-07
-3.74726,15,-6.28319,-0.70023,9.88671e-08
-3.76826,15,-6.28319,-0.700403,9.59551e-08
-3.78928,15,-6.28319,-0.700317,9.29857e-08
-3.81029,15,-6.28319,-0.700249,9.0029e-08
-3.83129,15,-6.28319,-0.700438,8.71974e-08
-3.85231,15,-6.28319,-0.700344,8.43097e-08
-3.87332,15,-6.28319,-0.70027,8.14439e-08
-3.89432,15,-6.28319,-0.700476,7.87215e-08
-3.91534,15,-6.28319,-0.700374,7.59436e-08
-3.93635,15,-6.28319,-0.700293,7.31948e-08
-3.95736,15,-6.28319,-0.70023,7.04949e-08
-3.97837,15,-6.28319,-0.700404,6.79406e-08
-3.99938,15,-6.28319,-0.700318,6.53495e-08
-4.02039,15,-6.28319,-0.700249,6.27966e-08
-4.04139,15,-6.28319,-0.700439,6.03944e-08
-4.06241,15,-6.28319,-0.700345,5.7955e-08
-4.08342,15,-6.28319,-0.70027,5.55567e-08
-4.10443,15,-6.28319,-0.700478,5.33152e-08
-4.12544,15,-6.28319,-0.700375,5.10361e-08
-4.14645,15,-6.28319,-0.700293,4.88e-08
-4.16746,15,-6.28319,-0.700231,4.66244e-08
-4.18847,15,-6.28319,-0.700405,4.45951e-08
-4.20948,15,-6.28319,-0.700318,4.25443e-08
-4.23049,15,-6.28319,-0.70025,4.05395e-08
-4.2515,15,-6.28319,-0.70044,3.86783e-08
-4.27251,15,-6.28319,-0.700346,3.67943e-08
-4.29352,15,-6.28319,-0.700271,3.49557e-08
-4.31453,15,-6.28319,-0.700479,3.32596e-08
-4.33554,15,-6.28319,-0.700376,3.154e-08
-4.35655,15,-6.28319,-0.700294,2.98647e-08
-4.37756,15,-6.28319,-0.700231,2.82475e-08
-4.39857,15,-6.28319,-0.700406,2.67574e-08
-4.41958,15,-6.28319,-0.700319,2.52566e-08
-4.44059,15,-6.28319,-0.700251,2.37994e-08
-4.4616,15,-6.28319,-0.700442,2.24628e-08
-4.48261,15,-6.28319,-0.700347,2.11139e-08
-4.50362,15,-6.28319,-0.700272,1.98064e-08
-4.52463,15,-6.28319,-0.700481,1.86152e-08
-4.54565,15,-6.28319,-0.700377,1.74106e-08
-4.56666,15,-6.28319,-0.700295,1.6245e-08
-4.58767,15,-6.28319,-0.700232,1.51285e-08
-4.60867,15,-6.28319,-0.700407,1.41123e-08
-4.62969,15,-6.28319,-0.70032,1.30922e-08
-4.65069,15,-6.28319,-0.700251,1.21087e-08
-4.6717,15,-6.28319,-0.700443,1.12181e-08
-4.69272,15,-6.28319,-0.700348,1.0322e-08
-4.71373,15,-6.28319,-0.700273,9.45968e-09
-4.73473,15,-6.28319,-0.700482,8.68465e-09
-4.75575,15,-6.28319,-0.700378,7.90327e-09
-4.77676,15,-6.28319,-0.700296,7.15296e-09
-4.79777,15,-6.28319,-0.700233,6.44062e-09
-4.81878,15,-6.28319,-0.700408,5.80145e-09
-4.83979,15,-6.28319,-0.700321,5.16233e-09
-4.8608,15,-6.28319,-0.700252,4.55139e-09
-4.88181,15,-6.28319,-0.700444,4.00663e-09
-4.90282,15,-6.28319,-0.700349,3.46069e-09
-4.92383,15,-6.28319,-0.700273,2.94019e-09
-4.94484,15,-6.28319,-0.700483,2.48048e-09
-4.96585,15,-6.28319,-0.700379,2.01883e-09
-4.98686,15,-6.28319,-0.700297,1.58004e-09
-5.00787,15,-6.28319,-0.700233,1.16845e-09
-5.02888,15,-6.28319,-0.70041,8.0646e-10
-5.04989,15,-6.28319,-0.700322,4.46529e-10
-5.0709,15,-6.28319,-0.700253,1.06688e-10
-5.09191,15,-6.28319,-0.700445,-1.89369e-10
-5.11292,15,-6.28319,-0.70035,-4.84293e-10
-5.13393,15,-6.28319,-0.700274,-7.61458e-10
-5.15494,15,-6.28319,-0.700485,-9.9943e-10
-5.17596,15,-6.28319,-0.70038,-1.23684e-09
-5.19697,15,-6.28319,-0.700297,-1.45861e-09
-5.21798,15,-6.28319,-0.700234,-1.66231e-09
-5.23898,15,-6.28319,-0.700411,-1.83505e-09
-5.25999,15,-6.28319,-0.700323,-2.00498e-09
-5.281,15,-6.28319,-0.700254,-2.16163e-09
-5.30201,15,-6.28319,-0.700447,-2.29175e-09
-5.32303,15,-6.28319,-0.700351,-2.4197e-09
-5.34404,15,-6.28319,-0.700275,-2.53617e-09
-5.36504,15,-6.28319,-0.700217,-2.63981e-09
-5.38605,15,-6.28319,-0.700379,-2.72305e-09
-5.40706,15,-6.28319,-0.700298,-2.803e-09
-5.42807,15,-6.28319,-0.700235,-2.87346e-09
-5.44908,15,-6.28319,-0.700412,-2.92695e-09
-5.47009,15,-6.28319,-0.700324,-2.97768e-09
-5.4911,15,-6.28319,-0.700254,-3.02037e-09
-5.51211,15,-6.28319,-0.700448,-3.04887e-09
-5.53312,15,-6.28319,-0.700352,-3.07497e-09
-5.55413,15,-6.28319,-0.700276,-3.09432e-09
-5.57514,15,-6.28319,-0.700217,-3.10643e-09
-5.59615,15,-6.28319,-0.70038,-3.10832e-09
-5.61716,15,-6.28319,-0.700299,-3.10745e-09
-5.63817,15,-6.28319,-0.700235,-3.10127e-09
-5.65917,15,-6.28319,-0.700413,-3.08718e-09
-5.68019,15,-6.28319,-0.700325,-3.07064e-09
-5.7012,15,-6.28319,-0.700255,-3.0498e-09
-5.7222,15,-6.28319,-0.700449,-3.02294e-09
-5.74322,15,-6.28319,-0.700353,-2.99387e-09
-5.76423,15,-6.28319,-0.700276,-2.96136e-09
-5.78524,15,-6.28319,-0.700218,-2.92541e-09
-5.80624,15,-6.28319,-0.700381,-2.88579e-09
-5.82725,15,-6.28319,-0.7003,-2.84404e-09
-5.84826,15,-6.28319,-0.700236,-2.79982e-09
-5.86927,15,-6.28319,-0.700414,-2.75334e-09
-5.89028,15,-6.28319,-0.700325,-2.70492e-09
-5.91129,15,-6.28319,-0.700255,-2.65465e-09
-5.9323,15,-6.28319,-0.70045,-2.60333e-09
-5.95331,15,-6.28319,-0.700354,-2.55018e-09
-5.97432,15,-6.28319,-0.700277,-2.49572e-09
-5.99533,15,-6.28319,-0.700218,-2.44024e-09
-6.01634,15,-6.28319,-0.700382,-2.38489e-09
-6.03735,15,-6.28319,-0.700301,-2.32801e-09
-6.05836,15,-6.28319,-0.700236,-2.27045e-09
-6.07937,15,-6.28319,-0.700415,-2.2138e-09
-6.10038,15,-6.28319,-0.700326,-2.15571e-09
-6.12139,15,-6.28319,-0.700256,-2.09728e-09
-6.1424,15,-6.28319,-0.700452,-2.04045e-09
-6.16341,15,-6.28319,-0.700355,-1.98223e-09
-6.18442,15,-6.28319,-0.700278,-1.92397e-09
-6.20543,15,-6.28319,-0.700219,-1.86604e-09
-6.22644,15,-6.28319,-0.700383,-1.81016e-09
-6.24745,15,-6.28319,-0.700301,-1.75326e-09
-6.26846,15,-6.28319,-0.700237,-1.69666e-09
-6.28946,15,-6.28319,-0.700416,-1.64248e-09
-6.31048,15,-6.28319,-0.700327,-1.58729e-09
-6.33149,15,-6.28319,-0.700257,-1.53257e-09
-6.35249,15,-6.28319,-0.700453,-1.4806e-09
-6.37351,15,-6.28319,-0.700355,-1.42764e-09
-6.39452,15,-6.28319,-0.700279,-1.37528e-09
-6.41553,15,-6.28319,-0.700219,-1.32389e-09
-6.43653,15,-6.28319,-0.700384,-1.27526e-09
-6.45754,15,-6.28319,-0.700302,-1.226e-09
-6.47855,15,-6.28319,-0.700238,-1.1775e-09
-6.49956,15,-6.28319,-0.700417,-1.13184e-09
-6.52057,15,-6.28319,-0.700328,-1.08556e-09
-6.54158,15,-6.28319,-0.700257,-1.04008e-09
-6.56259,15,-6.28319,-0.700454,-9.97555e-10
-6.5836,15,-6.28319,-0.700356,-9.54384e-10
-6.60461,15,-6.28319,-0.700279,-9.12057e-10
-6.62562,15,-6.28319,-0.70022,-8.70898e-10
-6.64663,15,-6.28319,-0.700385,-8.32485e-10
-6.66764,15,-6.28319,-0.700303,-7.93723e-10
-6.68865,15,-6.28319,-0.700238,-7.55857e-10
-6.70966,15,-6.28319,-0.700419,-7.20674e-10
